dataset_label,dataset_session,dataset_row_index,dataset_manual_lap_count,dataset_manual_lap_marked,dataset_manual_lap_mark_at_ms,dataset_manual_lap_mark_age_ms,timestamp_unix_ms,uptime_ms,state,local_mode,local_mode_candidate,ai_source,ai_track_mode,line_pos,line_lost,lost_ms,balance_lr,confidence_fast,confidence_avg,sensor_sum,sensor_max,norm0,norm1,norm2,norm3,raw0,raw1,raw2,raw3,pos_norm,trend_pos,trend_pos_avg,curve_intensity,pid_error,pid_integral,pid_d_filt,pid_correction,motor_a_pwm,motor_b_pwm,base_eff,ai_confidence,ai_blend,ai_speed_factor,ai_kp_scale,ai_ki_scale,ai_kd_scale,ai_pivot_threshold,ai_pivot_cap,ai_recovery_bias,dominant_sensor,dataset_label_age_ms,dataset_label_set_at_ms,dataset_label_source,dataset_label_valid,drive_profile,intersection_active,intersection_score,last_dir,run_elapsed_ms,run_intersection_count,run_lap_estimate,seq_fast,seq_slow,timestamp_valid
straight,session_20260423_145902,17,,,,,1776977943000,291820,running,left_soft,left_soft,heuristic,straight,46,0,0,0.057783,0.911083,0.911083,3167,877,820,672,798,877,0,0,0,0,0.030667,0.031333,0.066778,0.422947,0.030667,-0.025294,6.567007,1.25,193,0,86,0.859527,0.58,0,0,0,0,0,0,-0.136342,right_outer,0,0,auto:ai_track_mode,1,normal,1,0.914476,right,239,1,0,2162,0,1
straight,session_20260423_145902,18,,,,,1776977943000,292072,running,straight,straight,heuristic,straight,-6,0,0,-0.019563,0.9381,0.9381,1738,860,26,860,821,31,0,0,0,0,-0.004,-0.002667,-0.000556,0.005288,-0.004,-0.014781,-0.098873,-0.037728,103,109,106,0.957652,0.58,0,0,0,0,0,0,-0.25,left_inner,0,0,auto:ai_track_mode,1,normal,0,0.308051,left,491,1,0,2163,0,1
curve,session_20260423_145902,19,,,,,1776977943000,292322,running,left_hard,left_hard,heuristic,left_hard,-1060,0,0,-0.929704,0.874328,0.874328,1451,890,890,510,26,25,0,0,0,0,-0.706667,-0.001333,0.003,0.008187,-0.706667,-0.010884,0.024676,-0.273517,60,66,52,0.796925,0.58,0,0,0,0,0,0,-0.357915,left_outer,0,0,auto:ai_track_mode,1,normal,0,0.145923,left,741,1,0,2164,0,1
recovery,session_20260423_145902,20,,,,,1776977944000,292573,running,left_hard,left_hard,heuristic,recover,-991,0,0,-0.93205,0.892961,0.892961,1766,955,955,751,33,27,0,0,0,0,-0.660667,0.004667,0.040778,0.327077,-0.660667,0,5.730252,1.25,99,-60,44,0.538085,0.58,0,0,0,0,0,0,-0.354472,left_outer,0,0,auto:ai_track_mode,1,normal,0,0.177472,left,992,1,0,2166,0,1
curve,session_20260423_145902,21,,,,,1776977944000,292825,running,left_hard,left_hard,heuristic,left_hard,-1281,0,0,-0.90495,0.784183,0.784183,1010,862,862,100,23,25,0,0,0,0,-0.854,0.011333,-0.005333,0.049318,-0.854,-0.006612,-0.912948,-0.743058,60,78,45,0.82796,0.58,0,0,0,0,0,0,-0.371287,left_outer,0,0,auto:ai_track_mode,1,normal,0,0.11885,left,1243,1,0,2167,0,1
recovery,session_20260423_145902,22,,,,,1776977944000,293075,running,left_hard,left_hard,heuristic,recover,-1238,0,0,-0.820711,0.348269,0.348269,647,567,567,22,27,31,0,0,0,0,-0.825333,-0.008667,-0.157778,0.583744,-0.825333,0,-5.12692,-1.25,-60,90,40,0.340853,0.58,0,0,0,0,0,0,-0.25,left_outer,0,0,auto:ai_track_mode,1,normal,0,0.02398,left,1493,1,0,2169,0,1
curve,session_20260423_145902,23,,,,,1776977944000,293324,running,left_hard,left_hard,heuristic,left_hard,-931,0,0,-0.917173,0.928356,0.928356,1811,885,885,851,47,28,0,0,0,0,-0.620667,-0.001333,0.003667,0.051659,-0.620667,-0.042419,1.071485,0.210675,69,60,57,0.856779,0.58,0,0,0,0,0,0,-0.368805,left_outer,0,0,auto:ai_track_mode,1,normal,0,0.199289,left,1743,1,0,2170,0,1
curve,session_20260423_145902,24,,,,,1776977945000,293574,running,straight,straight,heuristic,left_soft,-24,0,0,-0.062802,0.984214,0.984214,1863,941,49,941,812,61,0,0,0,0,-0.016,0.004667,0.011111,0.188958,-0.016,-0.122175,4.057295,1.25,200,0,89,0.89232,0.58,0,0,0,0,0,0,-0.120126,left_inner,0,0,auto:ai_track_mode,1,normal,0,0.296453,left,1993,1,0,2171,0,1
straight,session_20260423_145902,25,,,,,1776977945000,293824,running,straight,straight,heuristic,straight,19,0,0,0.028294,0.804222,0.804222,1237,629,0,601,629,7,0,0,0,0,0.012667,0.000667,-0.000556,0.029352,0.012667,-0.215925,0.700471,0.184203,127,89,108,0.89924,0.58,0,0,0,0,0,0,0.25,right_inner,0,0,auto:ai_track_mode,1,normal,0,0.256687,left,2243,1,0,2172,0,1
curve,session_20260423_145902,26,,,,,1776977945000,294076,running,right_hard,right_hard,heuristic,right_hard,1076,0,0,0.911842,0.960469,0.960469,1520,971,27,40,482,971,0,0,0,0,0.717333,0.014,0.006889,0.190305,0.717333,-0.068946,4.344285,1.25,105,-60,47,0.88993,0.58,0,0,0,0,0,0,0.366021,right_outer,0,0,auto:ai_track_mode,1,normal,0,0.158107,right,2495,1,0,2173,0,1
recovery,session_20260423_145902,27,,,,,1776977945000,294326,running,right_hard,right_hard,heuristic,recover,1369,0,0,0.923648,0.67012,0.67012,943,873,17,19,34,873,0,0,0,0,0.912667,0.004667,0.065333,0.407336,0.912667,0,6.263403,1.25,90,-60,40,0.345649,0.58,0,0,0,0,0,0,0.25,right_outer,0,0,auto:ai_track_mode,1,normal,0,0.091015,right,2745,1,0,2175,0,1
straight,session_20260423_145902,28,,,,,1776977946000,294578,running,straight,straight,heuristic,straight,-2,0,0,-0.001635,0.929647,0.929647,1835,880,40,879,880,36,0,0,0,0,-0.001333,-0.000667,-0.000667,0.019177,-0.001333,-0.079409,-0.439425,-0.164865,90,124,107,0.960527,0.58,0,0,0,0,0,0,-0.25,right_inner,0,0,auto:ai_track_mode,1,normal,0,0.320156,left,2996,1,0,2176,0,1
curve,session_20260423_145902,29,,,,,1776977946000,294828,running,right_hard,right_hard,heuristic,right_hard,899,0,0,0.905113,0.950683,0.950683,1897,914,46,44,914,893,0,0,0,0,0.599333,-0.007333,-0.002444,0.040296,0.599333,0.001906,-0.860742,-0.13706,60,64,57,0.880448,0.58,0,0,0,0,0,0,0.363133,right_inner,0,0,auto:ai_track_mode,1,normal,0,0.2155,right,3247,2,0,2177,0,1
curve,session_20260423_145902,30,,,,,1776977946000,295078,running,right_hard,right_hard,heuristic,right_hard,854,0,0,0.91918,0.919667,0.919667,1658,910,27,40,910,681,0,0,0,0,0.569333,-0.007333,-0.005444,0.117498,0.569333,0.101147,-2.61078,-0.903261,60,104,55,0.864085,0.58,0,0,0,0,0,0,0.374099,right_inner,0,0,auto:ai_track_mode,1,normal,0,0.173072,right,3497,2,0,2178,0,1
straight,session_20260423_145902,31,,,,,1776977946000,295328,running,left_hard,left_hard,heuristic,straight,-966,0,0,-0.956359,0.877808,0.877808,1604,797,797,772,21,14,0,0,0,0,-0.644,-0.006,-0.005111,0.132569,-0.644,0.137446,-3.007548,-1.25,-60,132,59,0.897648,0.58,0,0,0,0,0,0,-0.25,left_outer,0,0,auto:ai_track_mode,1,normal,0,0.16138,left,3747,2,0,2179,0,1
recovery,session_20260423_145902,32,,,,,1776977947000,295579,running,recover,recover,heuristic,left_hard,318,1,35,0.220779,0.172917,0.172917,77,26,10,20,21,26,0,0,0,0,0.212,-0.082,0.029556,0.070933,0,0,0,0,-180,180,0,0.550375,0.58,0,0,0,0,0,0,-0.220972,right_outer,0,0,auto:line_lost,1,normal,0,0,left,3998,2,0,2181,0,1
curve,session_20260423_145902,33,,,,,1776977947000,295830,running,left_hard,left_hard,heuristic,left_soft,-884,0,0,-0.8742,0.946558,0.946558,1876,890,868,890,90,28,0,0,0,0,-0.589333,-0.004667,-0.027556,0.323281,-0.589333,-0.024458,-6.428696,-1.25,-60,130,58,0.880481,0.58,0,0,0,0,0,0,-0.265715,left_inner,0,0,auto:ai_track_mode,1,normal,0,0.20393,left,4249,2,0,2182,0,1
recovery,session_20260423_145902,34,,,,,1776977947000,296081,running,recover,recover,heuristic,recover,100,1,51,0.057143,0.188483,0.188483,70,30,25,8,7,30,0,0,0,0,0.066667,0.014667,-0.000333,0.0008,0,0,0,0,-180,180,0,0.338636,0.58,0,0,0,0,0,0,-0.25,right_outer,0,0,auto:line_lost,1,normal,0,0,left,4500,2,0,2184,0,1
curve,session_20260423_145902,35,,,,,1776977947000,296332,running,left_hard,left_hard,heuristic,left_soft,-961,0,0,-0.930883,0.959025,0.959025,1823,934,934,826,34,29,0,0,0,0,-0.640667,-0.004,-0.001444,0.046776,-0.640667,-0.065974,-1.082744,-0.692565,60,101,60,0.875024,0.58,0,0,0,0,0,0,-0.369717,left_outer,0,0,auto:ai_track_mode,1,normal,0,0.201499,left,4750,3,0,2185,0,1
curve,session_20260423_145902,36,,,,,1776977948000,296582,running,left_hard,left_hard,heuristic,left_hard,-914,0,0,-0.92132,0.706219,0.706219,1576,772,742,772,35,27,0,0,0,0,-0.609333,0.003333,0.04,0.235046,-0.609333,-0.005474,3.476141,1.25,112,-60,50,0.57073,0.58,0,0,0,0,0,0,-0.370556,left_inner,0,0,auto:ai_track_mode,1,normal,0,0.13837,left,5001,3,0,2187,0,1
curve,session_20260423_145902,37,,,,,1776977948000,296832,running,right_hard,right_hard,heuristic,right_soft,5,0,0,0.015347,0.913925,0.913925,3258,849,849,755,813,841,0,0,0,0,0.003333,-0.005333,-0.090333,0.47173,0.003333,0.078796,-6.373255,-1.25,0,175,78,0.858317,0.58,0,0,0,0,0,0,0.163442,left_outer,0,0,auto:ai_track_mode,1,normal,1,0.935914,right,5251,4,0,2188,0,1
curve,session_20260423_145902,38,,,,,1776977948000,297083,running,right_hard,right_hard,heuristic,right_hard,1336,0,0,0.903056,0.796083,0.796083,949,861,21,25,42,861,0,0,0,0,0.890667,-0.001333,0.003667,0.046821,0.890667,0.002355,0.950521,0.775816,76,60,43,0.749158,0.58,0,0,0,0,0,0,0.359884,right_outer,0,0,auto:ai_track_mode,1,normal,0,0.119723,right,5502,4,0,2189,0,1
curve,session_20260423_145902,39,,,,,1776977948000,297333,running,right_hard,right_hard,heuristic,right_hard,1027,0,0,0.909148,0.89345,0.89345,1607,954,33,40,580,954,0,0,0,0,0.684667,-0.021333,-0.029111,0.417298,0.684667,8.347116e-06,-8.685778,-1.25,-60,96,43,0.785508,0.58,0,0,0,0,0,0,0.35366,right_outer,0,0,auto:ai_track_mode,1,normal,0,0.155032,right,5752,4,0,2190,0,1
curve,session_20260423_145902,40,,,,,1776977949000,297585,running,right_hard,right_hard,heuristic,right_hard,1021,0,0,0.9482,0.907925,0.907925,1583,875,8,33,667,875,0,0,0,0,0.680667,0.014,0.001444,0.023307,0.680667,0.005524,0.49602,0.491223,79,60,53,0.842322,0.58,0,0,0,0,0,0,0.383249,right_outer,0,0,auto:ai_track_mode,1,normal,0,0.157499,right,6003,4,0,2191,0,1
curve,session_20260423_145902,41,,,,,1776977949000,297835,running,right_hard,right_hard,heuristic,right_hard,915,0,0,0.928136,0.887103,0.887103,1642,836,6,53,836,747,0,0,0,0,0.61,-0.006667,-0.005444,0.184291,0.61,0.02941,-4.280608,-1.25,-60,114,51,0.859891,0.58,0,0,0,0,0,0,0.379929,right_inner,0,0,auto:ai_track_mode,1,normal,0,0.169348,right,6253,4,0,2192,0,1
curve,session_20260423_145902,42,,,,,1776977949000,298085,running,straight,straight,heuristic,right_hard,31,0,0,0.023864,0.936006,0.936006,1760,851,15,844,851,50,0,0,0,0,0.020667,0.000667,-0.016111,0.141629,0.020667,0.034771,-2.574051,-1.05712,0,166,81,0.851401,0.58,0,0,0,0,0,0,0.378504,right_inner,0,0,auto:ai_track_mode,1,normal,0,0.298843,right,6504,4,0,2193,0,1
curve,session_20260423_145902,43,,,,,1776977949000,298334,running,left_hard,left_hard,heuristic,left_hard,-899,0,0,-0.882061,0.973325,0.973325,2018,973,973,926,71,48,0,0,0,0,-0.599333,-0.005333,0.000222,0.004194,-0.599333,0.014164,0.091513,-0.1934,60,70,59,0.887177,0.58,0,0,0,0,0,0,-0.35873,left_outer,0,0,auto:ai_track_mode,1,normal,0,0.237762,left,6753,4,0,2194,0,1
curve,session_20260423_145902,44,,,,,1776977950000,298584,running,left_hard,left_hard,heuristic,left_hard,-1303,0,0,-0.865757,0.744192,0.744192,879,797,797,23,27,32,0,0,0,0,-0.868667,0.002667,0.005333,0.050747,-0.868667,-0.000228,0.948687,0.071917,60,60,44,0.713443,0.58,0,0,0,0,0,0,-0.354759,left_outer,0,0,auto:ai_track_mode,1,normal,0,0.109537,left,7003,4,0,2195,0,1
curve,session_20260423_145902,45,,,,,1776977950000,298834,running,left_hard,left_hard,heuristic,left_hard,-1245,0,0,-0.880702,0.866778,0.866778,1140,951,951,121,35,33,0,0,0,0,-0.83,-0.018,-0.014889,0.2905,-0.83,-8.08233e-07,-6.36918,-1.25,-60,92,41,0.830526,0.58,0,0,0,0,0,0,-0.374912,left_outer,0,0,auto:ai_track_mode,1,normal,0,0.130041,left,7253,4,0,2196,0,1
curve,session_20260423_145902,46,,,,,1776977950000,299086,running,left_hard,left_hard,heuristic,left_hard,-1061,0,0,-0.93188,0.906092,0.906092,1468,900,900,518,25,25,0,0,0,0,-0.707333,0.002667,-0.003778,0.085555,-0.707333,-0.023169,-1.912202,-1.1256,-60,106,50,0.85238,0.58,0,0,0,0,0,0,-0.380601,left_outer,0,0,auto:ai_track_mode,1,normal,0,0.147835,left,7504,4,0,2197,0,1
curve,session_20260423_145902,47,,,,,1776977950000,299336,running,left_hard,left_hard,heuristic,left_hard,-1327,0,0,-0.89899,0.762136,0.762136,990,898,898,42,21,29,0,0,0,0,-0.884667,0.002,0.002889,0.03122,-0.884667,-0.006391,0.607173,-0.085021,60,60,44,0.821955,0.58,0,0,0,0,0,0,-0.383876,left_outer,0,0,auto:ai_track_mode,1,normal,0,0.12244,left,7755,4,0,2198,0,1
curve,session_20260423_145902,48,,,,,1776977951000,299586,running,left_hard,left_hard,heuristic,left_hard,-1016,0,0,-0.677419,0.441606,0.441606,279,212,212,22,22,23,0,0,0,0,-0.677333,0.054,0.028778,0.422875,-0.677333,-3.4e-05,8.8452,1.25,90,-60,40,0.577801,0.58,0,0,0,0,0,0,-0.303484,left_outer,0,0,auto:ai_track_mode,1,normal,0,0.030221,left,8005,4,0,2199,0,1
straight,session_20260423_145902,49,,,,,1776977951000,299837,running,right_hard,right_hard,heuristic,straight,837,0,0,0.82772,0.879589,0.879589,1544,751,6,127,751,660,0,0,0,0,0.558,0.124,0.075444,0.566287,0.558,0.027695,9.630497,1.25,137,-60,61,0.909325,0.58,0,0,0,0,0,0,0.25,right_inner,0,0,auto:ai_track_mode,1,normal,0,0.129135,right,8255,4,0,2201,0,1
curve,session_20260423_145902,50,,,,,1776977951000,300086,running,straight,straight,heuristic,left_soft,-46,0,0,-0.063691,0.886528,0.886528,1837,919,58,919,829,31,0,0,0,0,-0.030667,-0.014667,-0.000667,0.066434,-0.030667,0.031503,-1.620855,-0.560741,60,160,103,0.885458,0.58,0,0,0,0,0,0,-0.25,left_inner,0,0,auto:ai_track_mode,1,normal,0,0.294332,left,8505,4,0,2202,0,1
straight,session_20260423_145902,51,,,,,1776977951000,300338,running,straight,straight,heuristic,straight,-14,0,0,-0.021797,0.962783,0.962783,1881,911,50,911,876,44,0,0,0,0,-0.009333,-0.002667,0.002667,0.039542,-0.009333,0.004074,0.828538,0.25793,137,81,109,0.954276,0.58,0,0,0,0,0,0,-0.25,left_inner,0,0,auto:ai_track_mode,1,normal,0,0.314339,left,8757,4,0,2203,0,1
straight,session_20260423_145902,52,,,,,1776977952000,300588,running,straight,straight,heuristic,straight,66,0,0,0.07191,0.909531,0.909531,1780,884,16,810,884,70,0,0,0,0,0.044,0.010667,-0.003111,0.007945,0.044,0.011367,0.011969,0.019433,109,105,107,0.92641,0.58,0,0,0,0,0,0,0.25,right_inner,0,0,auto:ai_track_mode,1,normal,0,0.284143,right,9007,4,0,2204,0,1
curve,session_20260423_145902,53,,,,,1776977952000,300839,running,straight,straight,heuristic,right_hard,-53,0,0,-0.092308,0.971033,0.971033,1820,937,57,937,782,44,0,0,0,0,-0.035333,-0.015333,-0.006111,0.155162,-0.035333,0.087295,-3.512384,-1.25,0,191,85,0.877625,0.58,0,0,0,0,0,0,0.370624,left_inner,0,0,auto:ai_track_mode,1,normal,0,0.281715,left,9257,4,0,2205,0,1
curve,session_20260423_145902,54,,,,,1776977952000,301088,running,left_hard,left_hard,heuristic,left_hard,-1356,0,0,-0.905855,0.749969,0.749969,871,809,809,21,19,22,0,0,0,0,-0.904,-0.003333,-0.001778,0.020778,-0.904,0.002202,-0.412783,-0.543201,60,66,43,0.728577,0.58,0,0,0,0,0,0,-0.360874,left_outer,0,0,auto:ai_track_mode,1,normal,0,0.111354,left,9507,4,0,2206,0,1
curve,session_20260423_145902,55,,,,,1776977952000,301339,running,left_soft,right_soft,heuristic,left_hard,98,0,0,0.059635,0.939014,0.939014,2029,927,27,927,908,167,0,0,0,0,0.065333,0.026,0.014778,0.33301,0.065333,-0.008048,7.438575,1.25,171,0,76,0.848035,0.58,0,0,0,0,0,0,-0.25,left_inner,0,0,auto:ai_track_mode,1,normal,0,0.294294,right,9758,4,0,2208,0,1
straight,session_20260423_145902,56,,,,,1776977953000,301591,running,straight,straight,heuristic,straight,22,0,0,0.031212,0.889603,0.889603,1666,832,16,791,832,27,0,0,0,0,0.014667,0.006667,0.003,0.085295,0.014667,0.013262,1.952373,0.618573,173,60,107,0.937993,0.58,0,0,0,0,0,0,0.25,right_inner,0,0,auto:ai_track_mode,1,normal,0,0.296557,right,10010,4,0,2209,0,1
straight,session_20260423_145902,57,,,,,1776977953000,301843,running,straight,straight,heuristic,straight,-25,0,0,-0.050967,0.887731,0.887731,1707,874,23,874,787,23,0,0,0,0,-0.016667,-0.000667,-0.004667,0.059675,-0.016667,0.009572,-1.211883,-0.382935,67,149,108,0.937146,0.58,0,0,0,0,0,0,-0.25,left_inner,0,0,auto:ai_track_mode,1,normal,0,0.292158,left,10262,4,0,2210,0,1
straight,session_20260423_145902,58,,,,,1776977953000,302094,running,straight,straight,heuristic,straight,126,0,0,0.186136,0.875053,0.875053,1558,846,26,608,846,78,0,0,0,0,0.084,0.002,-0.007,0.105168,0.084,0.018155,-2.209206,-0.682434,60,169,101,0.894279,0.58,0,0,0,0,0,0,0.25,right_inner,0,0,auto:ai_track_mode,1,normal,0,0.224638,right,10513,4,0,2211,0,1
curve,session_20260423_145902,59,,,,,1776977953000,302346,running,right_hard,right_soft,heuristic,right_hard,702,0,0,0.847107,0.897378,0.897378,1452,917,19,92,917,424,0,0,0,0,0.468,-0.036667,-0.020444,0.385444,0.468,0.137555,-8.409433,-1.25,-60,117,52,0.875439,0.58,0,0,0,0,0,0,0.366805,right_inner,0,0,auto:ai_track_mode,1,normal,0,0.13344,right,10765,4,0,2212,0,1
curve,session_20260423_145902,60,,,,,1776977954000,302598,running,right_soft,right_soft,heuristic,right_hard,317,0,0,0.405184,0.839408,0.839408,1466,852,10,426,852,178,0,0,0,0,0.211333,0.050667,0.008,0.204992,0.211333,0.238343,4.64481,1.25,173,0,77,0.854819,0.58,0,0,0,0,0,0,0.287535,right_inner,0,0,auto:ai_track_mode,1,normal,0,0.167481,right,11017,4,0,2213,0,1
curve,session_20260423_145902,61,,,,,1776977954000,302850,running,left_hard,left_hard,heuristic,left_hard,-976,0,0,-0.924462,0.957333,0.957333,1721,920,920,736,30,35,0,0,0,0,-0.650667,-0.005333,-0.002333,0.054792,-0.650667,0.196977,-1.229812,-0.766854,60,93,53,0.809436,0.58,0,0,0,0,0,0,-0.378063,left_outer,0,0,auto:ai_track_mode,1,normal,0,0.182097,left,11269,4,0,2214,0,1
curve,session_20260423_145902,62,,,,,1776977954000,303100,running,left_hard,left_hard,heuristic,left_hard,-965,0,0,-0.942273,0.786961,0.786961,1663,847,847,768,23,25,0,0,0,0,-0.643333,0.02,0.044667,0.355347,-0.643333,-0.001464,6.203686,1.25,101,-60,45,0.73517,0.58,0,0,0,0,0,0,-0.35674,left_outer,0,0,auto:ai_track_mode,1,normal,0,0.157538,left,11519,4,0,2216,0,1
straight,session_20260423_145902,63,,,,,1776977954000,303350,running,right_hard,right_hard,heuristic,straight,848,0,0,0.841855,0.879583,0.879583,1682,819,10,123,819,730,0,0,0,0,0.565333,0.040667,0.082889,0.586258,0.565333,0.062968,9.683119,1.25,132,-60,59,0.922952,0.58,0,0,0,0,0,0,0.25,right_inner,0,0,auto:ai_track_mode,1,normal,0,0.151538,right,11769,4,0,2217,0,1
straight,session_20260423_145902,64,,,,,1776977955000,303600,running,right_hard,right_hard,heuristic,straight,773,0,0,0.895985,0.677783,0.677783,1096,682,0,57,682,357,0,0,0,0,0.515333,0.004,0.061889,0.271292,0.515333,0.087322,3.068961,1.25,157,0,70,0.879767,0.58,0,0,0,0,0,0,0.25,right_inner,0,0,auto:ai_track_mode,1,normal,0,0.047803,right,12019,4,0,2218,0,1
curve,session_20260423_145902,65,,,,,1776977955000,303850,running,right_hard,right_hard,heuristic,right_hard,858,0,0,0.888641,0.963681,0.963681,1796,931,22,78,931,765,0,0,0,0,0.572,-0.007333,-0.006222,0.111154,0.572,0.156441,-2.405506,-0.803877,60,99,55,0.862405,0.58,0,0,0,0,0,0,0.374168,right_inner,0,0,auto:ai_track_mode,1,normal,0,0.197597,right,12269,4,0,2219,0,1
curve,session_20260423_145902,66,,,,,1776977955000,304100,running,right_hard,right_hard,heuristic,right_hard,872,0,0,0.913545,0.938789,0.938789,1735,922,16,59,922,738,0,0,0,0,0.581333,-0.006667,-0.005778,0.098307,0.581333,0.186541,-2.111017,-0.665656,60,91,55,0.881513,0.58,0,0,0,0,0,0,0.367525,right_inner,0,0,auto:ai_track_mode,1,normal,0,0.186759,right,12519,4,0,2220,0,1
curve,session_20260423_145902,67,,,,,1776977955000,304352,running,right_hard,right_hard,heuristic,right_soft,962,0,0,0.946439,0.838614,0.838614,1643,808,4,40,791,808,0,0,0,0,0.641333,0.008,0.025889,0.219067,0.641333,0.213682,3.923347,1.25,121,-60,54,0.813882,0.58,0,0,0,0,0,0,0.299804,right_outer,0,0,auto:ai_track_mode,1,normal,0,0.161862,right,12770,4,0,2221,0,1
straight,session_20260423_145902,68,,,,,1776977956000,304603,running,right_hard,right_hard,heuristic,straight,905,0,0,0.89181,0.974058,0.974058,1978,961,52,55,910,961,0,0,0,0,0.603333,0.008,-0.001222,0.032362,0.603333,0.080165,0.735711,0.503851,97,60,65,0.886102,0.58,0,0,0,0,0,0,0.35685,right_outer,0,0,auto:ai_track_mode,1,normal,0,0.230015,right,13021,5,1,2222,0,1
curve,session_20260423_145902,69,,,,,1776977956000,304853,running,right_hard,right_hard,heuristic,right_hard,1363,0,0,0.925072,0.851122,0.851122,1041,954,16,23,48,954,0,0,0,0,0.908667,0.009333,0.022,0.285629,0.908667,0.014531,5.820718,1.25,90,-60,40,0.882724,0.58,0,0,0,0,0,0,0.379569,right_outer,0,0,auto:ai_track_mode,1,normal,0,0.12364,right,13271,5,1,2223,0,1
curve,session_20260423_145902,70,,,,,1776977956000,305103,running,right_hard,right_hard,heuristic,right_hard,929,0,0,0.922843,0.965075,0.965075,1970,957,34,42,937,957,0,0,0,0,0.619333,0,-0.004889,0.069291,0.619333,0.012853,-1.43894,-0.386966,60,73,53,0.768079,0.58,0,0,0,0,0,0,0.357121,right_outer,0,0,auto:ai_track_mode,1,normal,0,0.227642,right,13522,5,1,2224,0,1
curve,session_20260423_145902,71,,,,,1776977956000,305353,running,right_hard,right_hard,heuristic,right_hard,1123,0,0,0.949064,0.869189,0.869189,1335,876,10,24,425,876,0,0,0,0,0.748667,0.027333,0.008556,0.220971,0.748667,0.001146,5.010939,1.25,101,-60,45,0.778879,0.58,0,0,0,0,0,0,0.353404,right_outer,0,0,auto:ai_track_mode,1,normal,0,0.133608,right,13772,5,1,2225,0,1
curve,session_20260423_145902,72,,,,,1776977957000,305603,running,right_soft,right_soft,heuristic,right_soft,66,0,0,0.060089,0.823817,0.823817,1581,764,16,727,764,74,0,0,0,0,0.044,-0.019333,-0.043889,0.465034,0.044,0.062318,-8.992507,-1.25,0,184,82,0.845916,0.58,0,0,0,0,0,0,0.25,right_inner,0,0,auto:ai_track_mode,1,normal,0,0.261724,right,14022,5,1,2226,0,1
curve,session_20260423_145902,73,,,,,1776977957000,305855,running,left_hard,left_hard,heuristic,left_hard,-1028,0,0,-0.935484,0.949431,0.949431,1674,966,966,654,27,27,0,0,0,0,-0.685333,-0.005333,0.001444,0.022046,-0.685333,0.000939,0.464486,-0.067495,60,60,52,0.8203,0.58,0,0,0,0,0,0,-0.356816,left_outer,0,0,auto:ai_track_mode,1,normal,0,0.17293,left,14274,5,1,2227,0,1
recovery,session_20260423_145902,74,,,,,1776977957000,306105,running,left_hard,left_hard,heuristic,recover,-1310,0,0,-0.874214,0.60955,0.60955,954,862,862,32,31,29,0,0,0,0,-0.873333,-0.006667,-0.079,0.370658,-0.873333,0,-4.526443,-1.25,-60,90,40,0.32089,0.58,0,0,0,0,0,0,-0.25,left_outer,0,0,auto:ai_track_mode,1,normal,0,0.082174,left,14524,5,1,2229,0,1
curve,session_20260423_145902,75,,,,,1776977957000,306357,running,left_hard,left_hard,heuristic,left_soft,-980,0,0,-0.938842,0.841653,0.841653,1537,810,810,680,22,25,0,0,0,0,-0.653333,0.009333,-0.002556,0.016653,-0.653333,-0.038963,-0.262987,-0.374022,60,78,57,0.834064,0.58,0,0,0,0,0,0,-0.31876,left_outer,0,0,auto:ai_track_mode,1,normal,0,0.149212,left,14776,5,1,2230,0,1
curve,session_20260423_145902,76,,,,,1776977958000,306607,running,left_hard,left_hard,heuristic,left_hard,-911,0,0,-0.895116,0.97305,0.97305,1945,948,948,895,57,45,0,0,0,0,-0.607333,0.002,0.000222,0.01401,-0.607333,-0.128391,0.336925,-0.115702,60,62,56,0.890733,0.58,0,0,0,0,0,0,-0.360651,left_outer,0,0,auto:ai_track_mode,1,normal,0,0.224437,left,15026,5,1,2231,0,1
curve,session_20260423_145902,77,,,,,1776977958000,306859,running,straight,straight,heuristic,left_soft,-23,0,0,-0.052894,0.877364,0.877364,1607,823,23,823,734,27,0,0,0,0,-0.015333,0.014667,0.008,0.172264,-0.015333,-0.18903,3.826589,1.25,216,0,96,0.827871,0.58,0,0,0,0,0,0,-0.212901,left_inner,0,0,auto:ai_track_mode,1,normal,0,0.284527,left,15277,5,1,2232,0,1
curve,session_20260423_145902,78,,,,,1776977958000,307108,running,right_hard,right_hard,heuristic,right_hard,978,0,0,0.920847,0.971639,0.971639,1794,962,33,38,761,962,0,0,0,0,0.652,0,0.000889,0.017934,0.652,-0.099208,-0.395006,0.067416,60,60,54,0.863772,0.58,0,0,0,0,0,0,0.382093,right_outer,0,0,auto:ai_track_mode,1,normal,0,0.195711,right,15527,5,1,2233,0,1
recovery,session_20260423_145902,79,,,,,1776977958000,307358,running,right_hard,right_hard,heuristic,recover,1323,0,0,0.887541,0.523569,0.523569,907,823,25,26,33,823,0,0,0,0,0.882,0.006667,0.094111,0.497836,0.882,0.001115,6.799235,1.25,90,-60,40,0.346282,0.58,0,0,0,0,0,0,0.25,right_outer,0,0,auto:ai_track_mode,1,normal,0,0.066152,right,15777,5,1,2235,0,1
curve,session_20260423_145902,80,,,,,1776977959000,307608,running,straight,straight,heuristic,left_soft,0,0,0,-0.006572,0.936933,0.936933,1826,877,42,877,859,48,0,0,0,0,0,-0.009333,-0.006222,0.118207,0,-0.041906,-2.581836,-0.908858,60,196,103,0.884247,0.58,0,0,0,0,0,0,-0.25,left_inner,0,0,auto:ai_track_mode,1,normal,0,0.316609,right,16027,5,1,2236,0,1
curve,session_20260423_145902,81,,,,,1776977959000,307859,running,right_soft,right_hard,heuristic,right_soft,917,0,0,0.893986,0.988267,0.988267,1962,976,53,51,882,976,0,0,0,0,0.611333,-0.001333,-0.004222,0.06671,0.611333,0.015194,-1.414409,-0.316287,60,85,65,0.868965,0.58,0,0,0,0,0,0,0.348085,right_outer,0,0,auto:ai_track_mode,1,normal,0,0.225757,right,16278,6,1,2237,0,1
curve,session_20260423_145902,82,,,,,1776977959000,308109,running,right_hard,right_hard,heuristic,right_hard,989,0,0,0.93408,0.880731,0.880731,1608,861,21,32,694,861,0,0,0,0,0.659333,-0.014667,-0.027667,0.390856,0.659333,0.000168,-8.111404,-1.25,-60,99,44,0.769817,0.58,0,0,0,0,0,0,0.350817,right_outer,0,0,auto:ai_track_mode,1,normal,0,0.153576,right,16528,6,1,2238,0,1
curve,session_20260423_145902,83,,,,,1776977959000,308359,running,right_hard,right_hard,heuristic,right_hard,1093,0,0,0.936249,0.827519,0.827519,1349,859,16,27,447,859,0,0,0,0,0.728667,-0.034,-0.019111,0.358124,0.728667,5.941928e-07,-7.80644,-1.25,-60,94,42,0.750302,0.58,0,0,0,0,0,0,0.356295,right_outer,0,0,auto:ai_track_mode,1,normal,0,0.129795,right,16778,6,1,2239,0,1
curve,session_20260423_145902,84,,,,,1776977960000,308609,running,right_hard,right_hard,heuristic,right_soft,899,0,0,0.892091,0.833011,0.833011,1631,783,20,68,783,760,0,0,0,0,0.599333,0.022667,0.052333,0.497056,0.599333,0.033902,9.2864,1.25,123,-60,55,0.816861,0.58,0,0,0,0,0,0,0.157682,right_inner,0,0,auto:ai_track_mode,1,normal,0,0.151376,right,17028,6,1,2240,0,1
curve,session_20260423_145902,85,,,,,1776977960000,308860,running,left_hard,left_hard,heuristic,left_hard,-1327,0,0,-0.893417,0.807725,0.807725,957,869,869,37,25,26,0,0,0,0,-0.884667,-0.004,-0.002111,0.069634,-0.884667,0.001583,-1.614182,-1.060958,-60,90,44,0.855752,0.58,0,0,0,0,0,0,-0.376633,left_outer,0,0,auto:ai_track_mode,1,normal,0,0.121953,left,17279,6,1,2241,0,1
recovery,session_20260423_145902,86,,,,,1776977960000,309111,running,recover,recover,heuristic,recover,-33,1,55,0,0.183547,0.183547,118,33,33,26,30,29,0,0,0,0,-0.022,-0.062667,-0.037,0.0888,0,0,0,0,-180,180,0,0.328668,0.58,0,0,0,0,0,0,-0.25,left_outer,0,0,auto:line_lost,1,normal,0,0,left,17530,6,1,2243,0,1
curve,session_20260423_145902,87,,,,,1776977960000,309362,running,left_hard,left_hard,heuristic,left_hard,-958,0,0,-0.924331,0.940842,0.940842,1718,883,883,770,35,30,0,0,0,0,-0.638667,-0.003333,-0.004556,0.089524,-0.638667,-0.053064,-1.964754,-1.119422,-60,114,54,0.876351,0.58,0,0,0,0,0,0,-0.359823,left_outer,0,0,auto:ai_track_mode,1,normal,0,0.181458,left,17781,6,1,2244,0,1
recovery,session_20260423_145902,88,,,,,1776977961000,309613,running,recover,recover,heuristic,recover,122,1,70,0.132075,0.185036,0.185036,106,31,23,23,31,29,0,0,0,0,0.081333,0.026667,0.011444,0.027467,0,0,0,0,-180,180,0,0.344252,0.58,0,0,0,0,0,0,-0.25,right_inner,0,0,auto:line_lost,1,normal,0,0,left,18032,6,1,2246,0,1
curve,session_20260423_145902,89,,,,,1776977961000,309864,running,left_hard,left_hard,heuristic,left_hard,-976,0,0,-0.936916,0.923808,0.923808,1712,896,896,762,27,27,0,0,0,0,-0.650667,-0.005333,-0.002111,0.077265,-0.650667,-0.082827,-1.804956,-1.062547,-60,109,53,0.870657,0.58,0,0,0,0,0,0,-0.373302,left_outer,0,0,auto:ai_track_mode,1,normal,0,0.180976,left,18282,7,2,2247,0,1
curve,session_20260423_145902,90,,,,,1776977961000,310113,running,right_hard,right_hard,heuristic,left_hard,986,0,0,0.968605,0.918472,0.918472,1720,872,8,19,821,872,0,0,0,0,0.657333,-0.011333,0.012556,0.088439,0.657333,-0.001936,1.457651,0.927948,104,60,54,0.874122,0.58,0,0,0,0,0,0,-0.25,right_outer,0,0,auto:ai_track_mode,1,normal,0,0.179714,right,18532,7,2,2249,0,1
curve,session_20260423_145902,91,,,,,1776977961000,310364,running,right_soft,right_hard,heuristic,right_hard,732,0,0,0.821477,0.900844,0.900844,1490,852,25,108,852,505,0,0,0,0,0.488,0.108667,0.073111,0.543047,0.488,0.074986,9.1895,1.25,144,0,64,0.878295,0.58,0,0,0,0,0,0,0.25,right_inner,0,0,auto:ai_track_mode,1,normal,0,0.121859,right,18783,7,2,2250,0,1
straight,session_20260423_145902,92,,,,,1776977962000,310615,running,straight,straight,heuristic,straight,-53,0,0,-0.070661,0.936369,0.936369,1769,881,66,881,789,33,0,0,0,0,-0.035333,-0.002,-0.001,0.031632,-0.035333,0.084024,-0.730803,-0.221593,85,131,108,0.960864,0.58,0,0,0,0,0,0,-0.25,left_inner,0,0,auto:ai_track_mode,1,normal,0,0.28669,left,19034,8,2,2251,0,1
straight,session_20260423_145902,93,,,,,1776977962000,310866,running,straight,straight,heuristic,straight,18,0,0,0.018709,0.855628,0.855628,1657,821,8,805,821,23,0,0,0,0,0.012,-0.002667,0.005222,0.053591,0.012,0.079093,1.02645,0.342497,144,72,108,0.92271,0.58,0,0,0,0,0,0,-0.25,right_inner,0,0,auto:ai_track_mode,1,normal,0,0.299676,right,19285,8,2,2252,0,1
curve,session_20260423_145902,94,,,,,1776977962000,311118,running,left_hard,left_hard,heuristic,left_hard,-1306,0,0,-0.875,0.838603,0.838603,1024,921,921,39,33,31,0,0,0,0,-0.870667,-0.011333,-0.006,0.142538,-0.870667,0.002819,-3.203443,-1.25,-60,94,42,0.782704,0.58,0,0,0,0,0,0,-0.336852,left_outer,0,0,auto:ai_track_mode,1,normal,0,0.12694,left,19537,8,2,2253,0,1
recovery,session_20260423_145902,95,,,,,1776977962000,311367,running,left_hard,left_soft,heuristic,recover,-647,0,0,-0.620206,0.969183,0.969183,2138,977,755,977,373,33,0,0,0,0,-0.431333,0.157333,0.036222,0.391236,-0.431333,-0.007851,7.607575,1.25,112,-60,50,0.387806,0.58,0,0,0,0,0,0,-0.149583,left_inner,0,0,auto:ai_track_mode,1,normal,0,0.558495,left,19786,8,2,2255,0,1
curve,session_20260423_145902,96,,,,,1776977963000,311617,running,right_hard,right_hard,heuristic,right_hard,1032,0,0,0.956305,0.92555,0.92555,1602,898,10,25,669,898,0,0,0,0,0.688,0.01,0.001111,0.068561,0.688,2.2e-05,1.64736,1.001508,100,0,50,0.745763,0.58,0,0,0,0,0,0,0.362007,right_outer,0,0,auto:ai_track_mode,1,normal,0,0.160799,right,20036,8,2,2256,0,1
curve,session_20260423_145902,97,,,,,1776977963000,311868,running,right_hard,right_hard,heuristic,right_hard,1333,0,0,0.909962,0.819567,0.819567,1044,938,21,26,59,938,0,0,0,0,0.888667,-0.008,0.003444,0.026441,0.888667,0.010425,0.454354,0.554476,68,60,44,0.767957,0.58,0,0,0,0,0,0,0.360928,right_outer,0,0,auto:ai_track_mode,1,normal,0,0.128553,right,20286,8,2,2257,0,1
curve,session_20260423_145902,98,,,,,1776977963000,312118,running,straight,straight,heuristic,right_hard,57,0,0,0.074095,0.956778,0.956778,1795,914,14,817,914,50,0,0,0,0,0.038,0.008,-0.007778,0.067164,0.038,0.070977,-1.212437,-0.477991,60,127,86,0.881598,0.58,0,0,0,0,0,0,0.158106,right_inner,0,0,auto:ai_track_mode,1,normal,0,0.284391,right,20536,8,2,2258,0,1
curve,session_20260423_145902,99,,,,,1776977963000,312367,running,left_hard,left_hard,heuristic,left_hard,-1295,0,0,-0.869523,0.802333,0.802333,1027,919,919,41,32,35,0,0,0,0,-0.863333,0.002667,0.001667,0.035087,-0.863333,0.001761,0.777164,0.000908,60,60,45,0.762265,0.58,0,0,0,0,0,0,-0.368959,left_outer,0,0,auto:ai_track_mode,1,normal,0,0.12859,left,20786,8,2,2259,0,1
curve,session_20260423_145902,100,,,,,1776977964000,312617,running,right_hard,right_hard,heuristic,left_hard,925,0,0,0.922447,0.953433,0.953433,1831,882,27,44,882,878,0,0,0,0,0.616667,0.022,0.057778,0.533544,0.616667,-0.001073,9.87194,1.25,105,-60,47,0.858146,0.58,0,0,0,0,0,0,-0.24248,right_inner,0,0,auto:ai_track_mode,1,normal,0,0.185329,right,21036,8,2,2261,0,1
curve,session_20260423_145902,101,,,,,1776977964000,312867,running,right_soft,right_soft,heuristic,right_hard,26,0,0,0.029428,0.906697,0.906697,1801,879,27,847,879,48,0,0,0,0,0.017333,-0.007333,-0.049778,0.373988,0.017333,0.10093,-6.363033,-1.25,0,168,75,0.799511,0.58,0,0,0,0,0,0,0.37863,right_inner,0,0,auto:ai_track_mode,1,normal,0,0.289474,right,21286,8,2,2262,0,1
straight,session_20260423_145902,102,,,,,1776977964000,313119,running,straight,straight,heuristic,straight,-21,0,0,-0.034871,0.930919,0.930919,1778,882,38,882,827,31,0,0,0,0,-0.014,-0.013333,-0.000667,0.040443,-0.014,0.103578,-0.971074,-0.286711,78,138,108,0.960321,0.58,0,0,0,0,0,0,-0.25,left_inner,0,0,auto:ai_track_mode,1,normal,0,0.303436,left,21538,8,2,2263,0,1
straight,session_20260423_145902,103,,,,,1776977964000,313370,running,straight,straight,heuristic,straight,37,0,0,0.043379,0.887861,0.887861,1752,859,27,811,859,55,0,0,0,0,0.024667,0.000667,0.000889,0.048736,0.024667,0.10049,1.165064,0.393955,150,66,108,0.943672,0.58,0,0,0,0,0,0,0.25,right_inner,0,0,auto:ai_track_mode,1,normal,0,0.296509,right,21789,8,2,2264,0,1
curve,session_20260423_145902,104,,,,,1776977965000,313622,running,right_hard,right_hard,heuristic,right_soft,887,0,0,0.913607,0.969567,0.969567,1852,939,35,45,939,833,0,0,0,0,0.591333,-0.01,0.002556,0.007447,0.591333,0.15321,0.032851,0.27157,80,60,63,0.814302,0.58,0,0,0,0,0,0,0.371677,right_inner,0,0,auto:ai_track_mode,1,normal,0,0.208094,right,22040,8,2,2265,0,1
curve,session_20260423_145902,105,,,,,1776977965000,313871,running,left_hard,left_hard,heuristic,left_hard,-1308,0,0,-0.895138,0.823561,0.823561,1049,932,932,62,26,29,0,0,0,0,-0.872,0.004667,0.000667,0.035051,-0.872,0.013887,0.836267,0.02346,60,60,44,0.735422,0.58,0,0,0,0,0,0,-0.349356,left_outer,0,0,auto:ai_track_mode,1,normal,0,0.12969,left,22290,8,2,2266,0,1
curve,session_20260423_145902,106,,,,,1776977965000,314123,running,left_soft,left_soft,heuristic,left_soft,-535,0,0,-0.407782,0.950042,0.950042,2570,930,879,930,734,27,0,0,0,0,-0.356667,0.006,0.029889,0.219051,-0.356667,-0.014819,3.68294,1.25,157,0,70,0.873704,0.58,0,0,0,0,0,0,-0.196833,left_inner,0,0,auto:ai_track_mode,1,normal,0,0.627267,left,22542,8,2,2268,0,1
straight,session_20260423_145902,107,,,,,1776977965000,314373,running,left_soft,left_soft,heuristic,straight,-452,0,0,-0.381679,0.818875,0.818875,1834,771,496,771,551,16,0,0,0,0,-0.301333,-0.102,-0.045,0.424388,-0.301333,-0.077678,-7.909692,-1.25,0,184,82,0.929804,0.58,0,0,0,0,0,0,-0.25,left_inner,0,0,auto:ai_track_mode,1,normal,0,0.456886,left,22792,8,2,2269,0,1
straight,session_20260423_145902,108,,,,,1776977966000,314623,running,straight,straight,heuristic,straight,-62,0,0,-0.127301,0.766961,0.766961,1304,727,8,727,559,10,0,0,0,0,-0.041333,0.002667,0.005,0.105051,-0.041333,-0.137549,2.326278,0.689596,177,60,105,0.848308,0.58,0,0,0,0,0,0,-0.25,left_inner,0,0,auto:ai_track_mode,1,normal,0,0.227181,left,23042,8,2,2270,0,1
straight,session_20260423_145902,109,,,,,1776977966000,314875,running,straight,straight,heuristic,straight,-15,0,0,-0.036364,0.884953,0.884953,1650,830,25,830,766,29,0,0,0,0,-0.01,0.000667,0.000444,0.01988,-0.01,-0.152735,0.470334,0.111973,121,97,109,0.921101,0.58,0,0,0,0,0,0,-0.25,left_inner,0,0,auto:ai_track_mode,1,normal,0,0.296016,left,23293,8,2,2271,0,1
straight,session_20260423_145902,110,,,,,1776977966000,315124,running,right_hard,right_hard,heuristic,straight,928,0,0,0.93261,0.935961,0.935961,1751,860,22,37,860,832,0,0,0,0,0.618667,0.003333,-0.000222,0.056638,0.618667,-0.120544,1.402607,0.760599,107,60,61,0.85268,0.58,0,0,0,0,0,0,0.191748,right_inner,0,0,auto:ai_track_mode,1,normal,0,0.190038,right,23543,8,2,2272,0,1
curve,session_20260423_145902,111,,,,,1776977967000,315376,running,right_hard,right_hard,heuristic,right_hard,968,0,0,0.939496,0.958114,0.958114,1785,910,20,34,821,910,0,0,0,0,0.645333,-0.000667,0.000222,0.009989,0.645333,0.02345,0.236401,0.364295,75,60,55,0.872904,0.58,0,0,0,0,0,0,0.373865,right_outer,0,0,auto:ai_track_mode,1,normal,0,0.195255,right,23795,8,2,2273,0,1
curve,session_20260423_145902,112,,,,,1776977967000,315628,running,right_hard,right_hard,heuristic,right_hard,855,0,0,0.860272,0.887836,0.887836,1689,836,16,102,836,735,0,0,0,0,0.57,-0.003333,-0.002667,0.086961,0.57,0.121069,-2.01403,-0.639612,60,91,56,0.832472,0.58,0,0,0,0,0,0,0.356967,right_inner,0,0,auto:ai_track_mode,1,normal,0,0.179159,right,24047,8,2,2274,0,1
curve,session_20260423_145902,113,,,,,1776977967000,315878,running,left_hard,left_hard,heuristic,left_hard,-1322,0,0,-0.890825,0.771122,0.771122,861,782,782,32,20,27,0,0,0,0,-0.881333,-0.001333,-0.029222,0.168998,-0.881333,0.061404,-2.471625,-1.25,-60,99,44,0.848138,0.58,0,0,0,0,0,0,-0.374242,left_outer,0,0,auto:ai_track_mode,1,normal,0,0.101429,left,24297,8,2,2275,0,1
curve,session_20260423_145902,114,,,,,1776977967000,316128,running,left_hard,left_hard,heuristic,left_hard,-7,0,0,-0.020408,0.881539,0.881539,1666,823,27,823,785,31,0,0,0,0,-0.004667,0.012,0.100667,0.541979,-0.004667,-0.009552,7.509474,1.25,153,0,68,0.641963,0.58,0,0,0,0,0,0,-0.372992,left_inner,0,0,auto:ai_track_mode,1,normal,0,0.270288,left,24547,8,2,2277,0,1
curve,session_20260423_145902,115,,,,,1776977968000,316378,running,right_soft,right_soft,heuristic,right_hard,360,0,0,0.351029,0.914317,0.914317,1846,878,27,572,878,369,0,0,0,0,0.24,-0.108667,-0.059333,0.486036,0.24,0.109786,-8.590897,-1.25,0,137,61,0.879076,0.58,0,0,0,0,0,0,0.37029,right_inner,0,0,auto:ai_track_mode,1,normal,0,0.432857,right,24797,8,2,2278,0,1
straight,session_20260423_145902,116,,,,,1776977968000,316628,running,straight,straight,heuristic,straight,70,0,0,0.130186,0.884883,0.884883,1398,774,8,600,774,16,0,0,0,0,0.046667,0.026,0.007778,0.226534,0.046667,0.077776,5.19669,1.25,213,0,95,0.941883,0.58,0,0,0,0,0,0,0.25,right_inner,0,0,auto:ai_track_mode,1,normal,0,0.240442,right,25047,8,2,2279,0,1
curve,session_20260423_145902,117,,,,,1776977968000,316880,running,right_hard,right_hard,heuristic,right_soft,946,0,0,0.932856,0.941572,0.941572,1817,893,20,41,863,893,0,0,0,0,0.630667,0.006667,0.011,0.206268,0.630667,0.078432,4.496693,1.25,121,-60,54,0.831667,0.58,0,0,0,0,0,0,0.337617,right_outer,0,0,auto:ai_track_mode,1,normal,0,0.198,right,25299,8,2,2280,0,1
curve,session_20260423_145902,118,,,,,1776977968000,317132,running,right_hard,right_hard,heuristic,right_hard,876,0,0,0.892045,0.912203,0.912203,1760,884,23,72,884,781,0,0,0,0,0.584,-0.018667,-0.007111,0.212593,0.584,0.115158,-4.888166,-1.25,-60,119,53,0.818427,0.58,0,0,0,0,0,0,0.335132,right_inner,0,0,auto:ai_track_mode,1,normal,0,0.190248,right,25551,8,2,2281,0,1
curve,session_20260423_145902,119,,,,,1776977969000,317382,running,right_hard,right_hard,heuristic,right_hard,925,0,0,0.925201,0.941633,0.941633,1738,848,21,44,848,825,0,0,0,0,0.616667,0.006667,-0.002,0.022556,0.616667,0.094467,-0.443889,0.066085,60,60,55,0.865203,0.58,0,0,0,0,0,0,0.374168,right_inner,0,0,auto:ai_track_mode,1,normal,0,0.187126,right,25801,8,2,2282,0,1
curve,session_20260423_145902,120,,,,,1776977969000,317632,running,straight,straight,heuristic,right_hard,-13,0,0,-0.01875,0.967,0.967,1920,911,67,911,883,59,0,0,0,0,-0.008667,0.006667,0.000333,0.017936,-0.008667,0.109766,-0.428399,-0.142983,84,112,98,0.839951,0.58,0,0,0,0,0,0,0.324114,left_inner,0,0,auto:ai_track_mode,1,normal,0,0.318641,left,26051,8,2,2283,0,1
curve,session_20260423_145902,121,,,,,1776977969000,317884,running,right_hard,right_hard,heuristic,right_hard,998,0,0,0.907728,0.984425,0.984425,1734,983,39,41,671,983,0,0,0,0,0.665333,0.006667,0.000556,0.038062,0.665333,0.026,0.918224,0.672457,88,60,53,0.889628,0.58,0,0,0,0,0,0,0.363503,right_outer,0,0,auto:ai_track_mode,1,normal,0,0.184082,right,26302,9,3,2284,0,1
curve,session_20260423_145902,122,,,,,1776977969000,318133,running,right_hard,right_hard,heuristic,right_hard,948,0,0,0.937121,0.939056,0.939056,1813,891,21,36,865,891,0,0,0,0,0.632,0.001333,-0.000556,0.004138,0.632,0.072049,-0.070107,0.232724,67,60,55,0.863557,0.58,0,0,0,0,0,0,0.378741,right_outer,0,0,auto:ai_track_mode,1,normal,0,0.200708,right,26552,9,3,2285,0,1
curve,session_20260423_145902,123,,,,,1776977970000,318383,running,left_hard,left_hard,heuristic,left_hard,-938,0,0,-0.931576,0.927839,0.927839,1783,868,868,854,35,26,0,0,0,0,-0.625333,0,0.001778,0.008113,-0.625333,0.036143,0.096167,-0.199556,60,65,55,0.876698,0.58,0,0,0,0,0,0,-0.356255,left_outer,0,0,auto:ai_track_mode,1,normal,0,0.19493,left,26802,9,3,2286,0,1
recovery,session_20260423_145902,124,,,,,1776977970000,318633,running,left_hard,left_hard,heuristic,recover,-947,0,0,-0.923319,0.921433,0.921433,1904,956,956,875,42,31,0,0,0,0,-0.631333,0.008667,0.041,0.303586,-0.631333,-0.004298,5.129661,1.25,101,-60,45,0.450447,0.58,0,0,0,0,0,0,-0.228381,left_outer,0,0,auto:ai_track_mode,1,normal,0,0.203343,left,27052,9,3,2288,0,1
curve,session_20260423_145902,125,,,,,1776977970000,318883,running,left_hard,left_hard,heuristic,left_hard,-1060,0,0,-0.932336,0.917506,0.917506,1537,941,941,544,25,27,0,0,0,0,-0.706667,-0.035333,-0.010778,0.22005,-0.706667,-0.044665,-4.854571,-1.25,-60,105,47,0.856531,0.58,0,0,0,0,0,0,-0.37398,left_outer,0,0,auto:ai_track_mode,1,normal,0,0.154592,left,27302,9,3,2289,0,1
curve,session_20260423_145902,126,,,,,1776977970000,319133,running,right_hard,right_hard,heuristic,left_hard,939,0,0,0.932417,0.934814,0.934814,1746,845,19,40,842,845,0,0,0,0,0.626,-0.001333,0.003778,0.090643,0.626,0.007608,2.039413,1.182339,120,-60,55,0.886266,0.58,0,0,0,0,0,0,-0.25,right_outer,0,0,auto:ai_track_mode,1,normal,0,0.187765,right,27552,9,3,2291,0,1
curve,session_20260423_145902,127,,,,,1776977971000,319383,running,right_soft,right_soft,heuristic,right_soft,16,0,0,0.027996,0.924814,0.924814,1786,865,49,819,865,53,0,0,0,0,0.010667,-0.020667,-0.027556,0.339677,0.010667,0.080317,-6.838582,-1.25,0,189,84,0.888545,0.58,0,0,0,0,0,0,0.25,right_inner,0,0,auto:ai_track_mode,1,normal,0,0.297961,right,27802,9,3,2292,0,1
straight,session_20260423_145902,128,,,,,1776977971000,319635,running,straight,straight,heuristic,straight,53,0,0,0.096961,0.8189,0.8189,1382,749,2,622,749,9,0,0,0,0,0.035333,0.004667,0.004111,0.061222,0.035333,0.088937,1.283872,0.43172,153,61,107,0.922988,0.58,0,0,0,0,0,0,0.25,right_inner,0,0,auto:ai_track_mode,1,normal,0,0.253447,right,28053,9,3,2293,0,1
recovery,session_20260423_145902,129,,,,,1776977971000,319885,running,recover,recover,heuristic,recover,434,1,46,0.430894,0.2009,0.2009,123,48,21,14,40,48,0,0,0,0,0.289333,0.203333,0.037444,0.089867,0,0,0,0,180,-180,0,0.326816,0.58,0,0,0,0,0,0,0.25,right_outer,0,0,auto:line_lost,1,normal,0,0,right,28304,9,3,2295,0,1
curve,session_20260423_145902,130,,,,,1776977971000,320135,running,left_soft,left_soft,heuristic,left_soft,-339,0,0,-0.234628,0.964983,0.964983,2472,930,596,930,900,46,0,0,0,0,-0.226,-0.031333,-0.013444,0.287842,-0.226,-0.031017,-6.389376,-1.25,0,175,78,0.890724,0.58,0,0,0,0,0,0,-0.140751,left_inner,0,0,auto:ai_track_mode,1,normal,0,0.581133,left,28554,9,3,2296,0,1
curve,session_20260423_145902,131,,,,,1776977972000,320385,running,right_hard,right_hard,heuristic,right_hard,923,0,0,0.909091,0.973967,0.973967,1958,957,38,51,912,957,0,0,0,0,0.615333,0.000667,0.000889,0.015852,0.615333,0.040153,0.342968,0.401858,77,60,55,0.860093,0.58,0,0,0,0,0,0,0.373406,right_outer,0,0,auto:ai_track_mode,1,normal,0,0.226637,right,28804,9,3,2297,0,1
curve,session_20260423_145902,132,,,,,1776977972000,320636,running,right_hard,right_hard,heuristic,right_hard,892,0,0,0.911063,0.962875,0.962875,1844,916,40,42,916,846,0,0,0,0,0.594667,-0.008,-0.009222,0.146766,0.594667,0.010462,-3.11582,-1.190203,-60,111,51,0.851772,0.58,0,0,0,0,0,0,0.343183,right_inner,0,0,auto:ai_track_mode,1,normal,0,0.204102,right,29054,10,3,2299,0,1
straight,session_20260423_145902,133,,,,,1776977972000,320885,running,straight,straight,heuristic,straight,67,0,0,0.122424,0.884211,0.884211,1650,882,33,691,882,44,0,0,0,0,0.044667,0,0.001111,0.024063,0.044667,0.018084,-0.534908,-0.150734,92,124,108,0.920298,0.58,0,0,0,0,0,0,0.25,right_inner,0,0,auto:ai_track_mode,1,normal,0,0.261311,right,29304,10,3,2300,0,1
curve,session_20260423_145902,134,,,,,1776977972000,321137,running,left_hard,left_hard,heuristic,left_hard,-994,0,0,-0.955583,0.93203,0.93203,1621,852,852,733,21,15,0,0,0,0,-0.662667,0.005333,0.003556,0.058411,-0.662667,-0.0008,1.246952,0.288627,67,60,52,0.788517,0.58,0,0,0,0,0,0,-0.358552,left_outer,0,0,auto:ai_track_mode,1,normal,0,0.16422,left,29556,10,3,2301,0,1
curve,session_20260423_145902,135,,,,,1776977973000,321387,running,left_hard,left_hard,heuristic,left_soft,-948,0,0,-0.917437,0.856275,0.856275,1623,818,818,738,44,23,0,0,0,0,-0.632,0.000667,-0.002222,0.0403,-0.632,-0.037369,-0.874173,-0.623783,60,95,59,0.821165,0.58,0,0,0,0,0,0,-0.221719,left_outer,0,0,auto:ai_track_mode,1,normal,0,0.165445,left,29806,10,3,2303,0,1
curve,session_20260423_145902,136,,,,,1776977973000,321637,running,left_hard,left_hard,heuristic,left_hard,-1344,0,0,-0.895196,0.765353,0.765353,916,847,847,21,23,25,0,0,0,0,-0.896,0.004667,-0.001556,0.013558,-0.896,-0.001645,-0.245619,-0.464429,60,64,44,0.728195,0.58,0,0,0,0,0,0,-0.350037,left_outer,0,0,auto:ai_track_mode,1,normal,0,0.117066,left,30056,10,3,2304,0,1
curve,session_20260423_145902,137,,,,,1776977973000,321887,running,left_soft,left_soft,heuristic,left_hard,-427,0,0,-0.29497,0.9428,0.9428,2485,821,788,821,783,93,0,0,0,0,-0.284667,0.001333,0.015556,0.242687,-0.284667,-0.014149,5.133845,1.25,155,0,69,0.642168,0.58,0,0,0,0,0,0,-0.362867,left_inner,0,0,auto:ai_track_mode,1,normal,0,0.629152,left,30306,10,3,2306,0,1
curve,session_20260423_145902,138,,,,,1776977973000,322138,running,left_hard,left_hard,heuristic,left_hard,-1329,0,0,-0.884161,0.741853,0.741853,846,778,778,19,22,27,0,0,0,0,-0.886,0.000667,-0.000778,0.036895,-0.886,-0.030359,0.875704,0.028423,60,60,44,0.710413,0.58,0,0,0,0,0,0,-0.361128,left_outer,0,0,auto:ai_track_mode,1,normal,0,0.108229,left,30557,11,3,2307,0,1
curve,session_20260423_145902,139,,,,,1776977974000,322388,running,right_soft,right_soft,heuristic,right_soft,518,0,0,0.372434,0.929325,0.929325,2387,820,25,724,820,818,0,0,0,0,0.345333,0.023333,0.000333,0.086008,0.345333,0.001337,2.130205,0.938832,153,60,79,0.898774,0.58,0,0,0,0,0,0,0.155887,right_inner,0,0,auto:ai_track_mode,1,normal,0,0.619486,right,30807,11,3,2309,0,1
curve,session_20260423_145902,140,,,,,1776977974000,322638,running,left_hard,left_hard,heuristic,left_hard,-894,0,0,-0.888052,0.941719,0.941719,1858,886,868,886,73,31,0,0,0,0,-0.596,0.006667,0.003556,0.0878,-0.596,-0.10265,1.981673,0.613567,88,60,55,0.846598,0.58,0,0,0,0,0,0,-0.372001,left_inner,0,0,auto:ai_track_mode,1,normal,0,0.208408,left,31057,11,3,2310,0,1
curve,session_20260423_145902,141,,,,,1776977974000,322889,running,left_soft,left_soft,heuristic,left_soft,-586,0,0,-0.784792,0.904186,0.904186,1394,932,312,932,108,42,0,0,0,0,-0.390667,-0.076,-0.047667,0.469786,-0.390667,-0.163679,-8.884638,-1.25,0,162,72,0.955929,0.58,0,0,0,0,0,0,-0.25,left_inner,0,0,auto:ai_track_mode,1,normal,0,0.117779,left,31308,12,4,2311,0,1
straight,session_20260423_145902,142,,,,,1776977974000,323141,running,straight,straight,heuristic,straight,25,0,0,0.038682,0.795325,0.795325,1396,713,4,667,713,12,0,0,0,0,0.016667,-0.021333,-0.003333,0.096181,0.016667,-0.188191,-2.204528,-0.726616,60,183,106,0.945532,0.58,0,0,0,0,0,0,-0.25,right_inner,0,0,auto:ai_track_mode,1,normal,0,0.276392,right,31560,12,4,2312,0,1
curve,session_20260423_145902,143,,,,,1776977975000,323393,running,left_hard,left_hard,heuristic,left_hard,-1114,0,0,-0.85444,0.965753,0.965753,1374,995,995,279,50,50,0,0,0,0,-0.742667,-0.024,-0.018,0.38259,-0.742667,-0.167671,-8.484754,-1.25,-60,96,43,0.883205,0.58,0,0,0,0,0,0,-0.366318,left_outer,0,0,auto:ai_track_mode,1,normal,0,0.150433,left,31811,12,4,2313,0,1
recovery,session_20260423_145902,144,,,,,1776977975000,323643,running,recover,recover,heuristic,recover,-115,1,96,-0.046154,0.187064,0.187064,130,43,43,25,31,31,0,0,0,0,-0.076667,-0.120667,-0.029,0.0696,0,0,0,0,-180,180,0,0.335814,0.58,0,0,0,0,0,0,-0.25,left_outer,0,0,auto:line_lost,1,normal,0,0,left,32062,12,4,2315,0,1
curve,session_20260423_145902,145,,,,,1776977975000,323894,running,right_hard,right_hard,heuristic,right_hard,1344,0,0,0.912263,0.816108,0.816108,1003,910,19,25,49,910,0,0,0,0,0.896,-0.001333,0.000222,0.038131,0.896,-3.294022e-06,0.939951,0.770518,76,60,43,0.733182,0.58,0,0,0,0,0,0,0.355298,right_outer,0,0,auto:ai_track_mode,1,normal,0,0.126317,right,32312,12,4,2316,0,1
curve,session_20260423_145902,146,,,,,1776977975000,324143,running,right_hard,right_hard,heuristic,right_hard,943,0,0,0.95492,0.942275,0.942275,1819,915,15,26,915,863,0,0,0,0,0.628667,-0.006667,-0.004,0.087053,0.628667,0.030893,-1.936335,-0.59592,60,84,53,0.870046,0.58,0,0,0,0,0,0,0.379572,right_inner,0,0,auto:ai_track_mode,1,normal,0,0.201237,right,32562,12,4,2317,0,1
curve,session_20260423_145902,147,,,,,1776977976000,324393,running,left_soft,left_hard,heuristic,left_soft,-863,0,0,-0.83798,0.930975,0.930975,1901,874,873,874,126,28,0,0,0,0,-0.575333,-0.1,-0.039444,0.444404,-0.575333,0.058564,-8.743432,-1.25,-60,135,60,0.880325,0.58,0,0,0,0,0,0,-0.25,left_inner,0,0,auto:ai_track_mode,1,normal,0,0.204642,left,32812,12,4,2318,0,1
curve,session_20260423_145902,148,,,,,1776977976000,324645,running,left_hard,left_hard,heuristic,left_hard,-1309,0,0,-0.879276,0.782186,0.782186,994,894,894,40,31,29,0,0,0,0,-0.872667,-0.004667,-0.001778,0.030014,-0.872667,-0.000933,-0.643671,-0.635327,60,71,44,0.73683,0.58,0,0,0,0,0,0,-0.346589,left_outer,0,0,auto:ai_track_mode,1,normal,0,0.123837,left,33064,12,4,2319,0,1
curve,session_20260423_145902,149,,,,,1776977976000,324897,running,left_hard,left_hard,heuristic,left_hard,-1337,0,0,-0.927449,0.722272,0.722272,827,737,737,60,16,14,0,0,0,0,-0.891333,0.016667,0.002111,0.105427,-0.891333,-3.141158e-06,2.509,0.751141,71,60,41,0.743867,0.58,0,0,0,0,0,0,-0.367617,left_outer,0,0,auto:ai_track_mode,1,normal,0,0.100413,left,33316,12,4,2320,0,1
curve,session_20260423_145902,150,,,,,1776977976000,325149,running,left_hard,left_hard,heuristic,left_hard,-944,0,0,-0.931958,0.954339,0.954339,1793,885,885,847,34,27,0,0,0,0,-0.629333,0.004,0.003222,0.068458,-0.629333,-0.011073,1.518115,0.424277,75,60,53,0.750862,0.58,0,0,0,0,0,0,-0.360889,left_outer,0,0,auto:ai_track_mode,1,normal,0,0.196057,left,33568,12,4,2321,0,1
curve,session_20260423_145902,151,,,,,1776977977000,325401,running,left_soft,left_soft,heuristic,left_hard,-565,0,0,-0.502757,0.897592,0.897592,2176,921,714,921,510,31,0,0,0,0,-0.376667,0.064,0.037556,0.440102,-0.376667,-0.142117,8.749226,1.25,126,0,56,0.843213,0.58,0,0,0,0,0,0,-0.367891,left_inner,0,0,auto:ai_track_mode,1,normal,0,0.553438,left,33819,12,4,2322,0,1
straight,session_20260423_145902,152,,,,,1776977977000,325650,running,straight,straight,heuristic,straight,-62,0,0,-0.080292,0.974608,0.974608,1918,958,78,958,846,36,0,0,0,0,-0.041333,-0.000667,-0.002444,0.014119,-0.041333,-0.172015,-0.2063,-0.113688,96,120,108,0.970589,0.58,0,0,0,0,0,0,-0.25,left_inner,0,0,auto:ai_track_mode,1,normal,0,0.29119,left,34069,12,4,2323,0,1
curve,session_20260423_145902,153,,,,,1776977977000,325900,running,right_soft,right_soft,heuristic,right_soft,81,0,0,0.055347,0.945458,0.945458,1861,861,21,858,861,121,0,0,0,0,0.054,-0.01,-0.038111,0.394738,0.054,-0.128634,-7.581772,-1.25,0,186,83,0.901794,0.58,0,0,0,0,0,0,0.25,right_inner,0,0,auto:ai_track_mode,1,normal,0,0.280154,right,34319,12,4,2324,0,1
curve,session_20260423_145902,154,,,,,1776977977000,326150,running,right_hard,right_hard,heuristic,right_hard,907,0,0,0.917098,0.986067,0.986067,1930,952,31,49,952,898,0,0,0,0,0.604667,0.008667,0.004111,0.098836,0.604667,0.024718,2.224228,1.2298,122,-60,55,0.887002,0.58,0,0,0,0,0,0,0.363509,right_inner,0,0,auto:ai_track_mode,1,normal,0,0.22133,right,34569,12,4,2325,0,1
curve,session_20260423_145902,155,,,,,1776977978000,326401,running,left_hard,left_hard,heuristic,left_hard,-965,0,0,-0.948408,0.952247,0.952247,1822,919,919,856,23,24,0,0,0,0,-0.643333,0.005333,-0.001778,0.015004,-0.643333,-0.010293,0.268437,-0.138914,60,62,55,0.891177,0.58,0,0,0,0,0,0,-0.367687,left_outer,0,0,auto:ai_track_mode,1,normal,0,0.201515,left,34820,12,4,2326,0,1
curve,session_20260423_145902,156,,,,,1776977978000,326651,running,left_hard,left_hard,heuristic,left_hard,-988,0,0,-0.931702,0.919639,0.919639,1757,946,946,751,33,27,0,0,0,0,-0.658667,0.002,0.005333,0.072597,-0.658667,-4.5e-05,1.494919,0.396681,71,60,51,0.733624,0.58,0,0,0,0,0,0,-0.374641,left_outer,0,0,auto:ai_track_mode,1,normal,0,0.187613,left,35070,12,4,2327,0,1
curve,session_20260423_145902,157,,,,,1776977978000,326901,running,left_hard,left_hard,heuristic,left_hard,-963,0,0,-0.945946,0.896564,0.896564,1702,860,860,796,21,25,0,0,0,0,-0.642,0.004,-0.000111,0.004646,-0.642,-0.042356,-0.109484,-0.31076,60,72,55,0.850064,0.58,0,0,0,0,0,0,-0.37848,left_outer,0,0,auto:ai_track_mode,1,normal,0,0.180348,left,35320,12,4,2328,0,1
curve,session_20260423_145902,158,,,,,1776977978000,327153,running,left_hard,left_hard,heuristic,left_hard,-915,0,0,-0.909968,0.958292,0.958292,1866,897,885,897,59,25,0,0,0,0,-0.61,0,-0.001667,0.025888,-0.61,-0.119611,-0.54719,-0.503826,60,82,55,0.878399,0.58,0,0,0,0,0,0,-0.362062,left_inner,0,0,auto:ai_track_mode,1,normal,0,0.210367,left,35572,12,4,2329,0,1
straight,session_20260423_145902,159,,,,,1776977979000,327404,running,straight,straight,heuristic,straight,8,0,0,0.004947,0.789878,0.789878,1415,700,4,700,699,12,0,0,0,0,0.005333,0.007333,0.003667,0.081521,0.005333,-0.172234,1.818014,0.53471,164,60,107,0.915231,0.58,0,0,0,0,0,0,0.25,left_inner,0,0,auto:ai_track_mode,1,normal,0,0.29003,left,35823,12,4,2330,0,1
straight,session_20260423_145902,160,,,,,1776977979000,327656,running,straight,straight,heuristic,straight,100,0,0,0.147077,0.867539,0.867539,1625,882,6,687,882,50,0,0,0,0,0.066667,0.036667,0.006444,0.18373,0.066667,-0.163438,4.206572,1.25,227,0,101,0.94896,0.58,0,0,0,0,0,0,0.25,right_inner,0,0,auto:ai_track_mode,1,normal,0,0.245084,right,36074,12,4,2331,0,1
curve,session_20260423_145902,161,,,,,1776977979000,327905,running,right_hard,right_hard,heuristic,right_soft,955,0,0,0.933515,0.951431,0.951431,1835,919,23,38,855,919,0,0,0,0,0.636667,0.002667,-0.002556,0.01051,0.636667,-0.026805,-0.109424,0.196421,70,60,59,0.891837,0.58,0,0,0,0,0,0,0.15904,right_outer,0,0,auto:ai_track_mode,1,normal,0,0.203725,right,36324,12,4,2332,0,1
curve,session_20260423_145902,162,,,,,1776977979000,328155,running,right_hard,right_hard,heuristic,right_hard,1058,0,0,0.981227,0.867461,0.867461,1385,791,5,8,581,791,0,0,0,0,0.705333,0.010667,0.005778,0.131381,0.705333,0.011521,2.93787,1.25,110,-60,49,0.829964,0.58,0,0,0,0,0,0,0.390894,right_outer,0,0,auto:ai_track_mode,1,normal,0,0.127768,right,36574,12,4,2333,0,1
curve,session_20260423_145902,163,,,,,1776977980000,328405,running,right_hard,right_hard,heuristic,right_hard,944,0,0,0.937762,0.924614,0.924614,1671,815,10,42,815,804,0,0,0,0,0.629333,0.005333,0.004333,0.111258,0.629333,0.075199,2.521443,1.25,121,-60,54,0.861327,0.58,0,0,0,0,0,0,0.36743,right_inner,0,0,auto:ai_track_mode,1,normal,0,0.174224,right,36824,12,4,2334,0,1
curve,session_20260423_145902,164,,,,,1776977980000,328655,running,left_hard,left_hard,heuristic,left_hard,-1050,0,0,-0.965799,0.831292,0.831292,1345,778,778,544,8,15,0,0,0,0,-0.7,-0.01,-0.011889,0.241269,-0.7,0.005858,-5.318383,-1.25,-60,105,47,0.844587,0.58,0,0,0,0,0,0,-0.374176,left_outer,0,0,auto:ai_track_mode,1,normal,0,0.122907,left,37074,12,4,2335,0,1
curve,session_20260423_145902,165,,,,,1776977980000,328906,running,left_soft,left_soft,heuristic,left_hard,7,0,0,-0.010794,0.884919,0.884919,1575,775,21,775,737,42,0,0,0,0,0.004667,0.01,0.058222,0.431518,0.004667,-0.0125,7.294615,1.25,164,0,73,0.800724,0.58,0,0,0,0,0,0,-0.354665,left_inner,0,0,auto:ai_track_mode,1,normal,0,0.281239,left,37325,12,4,2337,0,1
straight,session_20260423_145902,166,,,,,1776977980000,329157,running,straight,straight,heuristic,straight,-56,0,0,-0.103617,0.896295,0.896295,1631,877,23,877,715,16,0,0,0,0,-0.037333,-0.009333,-0.001222,0.079619,-0.037333,-0.006838,-1.917138,-0.615457,60,171,106,0.959748,0.58,0,0,0,0,0,0,-0.25,left_inner,0,0,auto:ai_track_mode,1,normal,0,0.267555,left,37576,12,4,2338,0,1
straight,session_20260423_145902,167,,,,,1776977981000,329407,running,straight,straight,heuristic,straight,-5,0,0,-0.020606,0.86255,0.86255,1650,823,19,823,781,27,0,0,0,0,-0.003333,-0.002667,-0.000667,0.029787,-0.003333,-0.034239,-0.704677,-0.229201,85,133,109,0.915481,0.58,0,0,0,0,0,0,0.25,left_inner,0,0,auto:ai_track_mode,1,normal,0,0.302336,right,37826,12,4,2339,0,1
curve,session_20260423_145902,168,,,,,1776977981000,329657,running,straight,straight,heuristic,right_soft,36,0,0,0.046823,0.948042,0.948042,1794,882,34,821,882,57,0,0,0,0,0.024,-0.004,-0.010333,0.159369,0.024,-0.002574,-3.364218,-1.25,0,207,92,0.880665,0.58,0,0,0,0,0,0,0.25,right_inner,0,0,auto:ai_track_mode,1,normal,0,0.295166,right,38076,12,4,2340,0,1
curve,session_20260423_145902,169,,,,,1776977981000,329907,running,right_hard,right_hard,heuristic,right_hard,1018,0,0,0.942099,0.936153,0.936153,1658,928,21,27,682,928,0,0,0,0,0.678667,0.014667,0.114,0.584753,0.678667,0.063426,7.778818,1.25,105,-60,47,0.9667,0.58,0,0,0,0,0,0,-0.25,right_outer,0,0,auto:ai_track_mode,1,normal,1,0.138081,right,38326,13,5,2341,0,1
curve,session_20260423_145902,170,,,,,1776977981000,330157,running,right_hard,right_hard,heuristic,right_hard,1334,0,0,0.90625,0.836164,0.836164,1088,984,25,26,53,984,0,0,0,0,0.889333,0.009333,0.000111,0.04257,0.889333,0.000225,1.057593,0.819208,78,60,43,0.764088,0.58,0,0,0,0,0,0,0.359796,right_outer,0,0,auto:ai_track_mode,1,normal,0,0.135153,right,38576,13,5,2342,0,1
curve,session_20260423_145902,171,,,,,1776977982000,330407,running,right_hard,right_hard,heuristic,right_hard,991,0,0,0.959935,0.967275,0.967275,1847,954,10,27,856,954,0,0,0,0,0.660667,0.014,0.002778,0.107622,0.660667,0.010889,2.523874,1.25,114,-60,51,0.804042,0.58,0,0,0,0,0,0,0.344503,right_outer,0,0,auto:ai_track_mode,1,normal,0,0.205569,right,38826,13,5,2343,0,1
curve,session_20260423_145902,172,,,,,1776977982000,330657,running,right_soft,right_soft,heuristic,right_soft,181,0,0,0.101575,0.910717,0.910717,1841,821,6,821,767,247,0,0,0,0,0.120667,-0.016,-0.017889,0.328007,0.120667,0.042794,-7.126835,-1.25,0,177,79,0.889946,0.58,0,0,0,0,0,0,0.25,left_inner,0,0,auto:ai_track_mode,1,normal,0,0.563699,right,39076,13,5,2344,0,1
curve,session_20260423_145902,173,,,,,1776977982000,330909,running,left_hard,left_hard,heuristic,left_hard,-1200,0,0,-0.876667,0.871253,0.871253,1200,951,951,175,38,36,0,0,0,0,-0.8,0.008,0.001333,0.084283,-0.8,0.006658,2.027068,0.578015,72,60,46,0.801194,0.58,0,0,0,0,0,0,-0.347172,left_outer,0,0,auto:ai_track_mode,1,normal,0,0.138616,left,39328,13,5,2345,0,1
recovery,session_20260423_145902,174,,,,,1776977982000,331159,running,recover,recover,heuristic,recover,-33,1,59,-0.037037,0.188344,0.188344,135,35,35,35,32,33,0,0,0,0,-0.022,0.012667,-0.011,0.0264,0,0,0,0,-180,180,0,0.331322,0.58,0,0,0,0,0,0,-0.25,left_outer,0,0,auto:line_lost,1,normal,0,0,left,39578,13,5,2347,0,1
curve,session_20260423_145902,175,,,,,1776977983000,331411,running,right_soft,right_soft,heuristic,right_soft,-917,0,0,-0.905921,0.943167,0.943167,1807,868,868,854,57,28,0,0,0,0,-0.611333,-0.003333,-0.004333,0.082396,-0.611333,-0.028574,-1.79991,-0.899328,60,123,65,0.866703,0.58,0,0,0,0,0,0,-0.294316,left_outer,0,0,auto:ai_track_mode,1,normal,1,0.198581,left,39830,14,5,2348,0,1
curve,session_20260423_145902,176,,,,,1776977983000,331661,running,left_hard,left_soft,heuristic,left_hard,-62,0,0,-0.098018,0.97635,0.97635,1867,956,69,956,798,44,0,0,0,0,-0.041333,0.013333,0.053778,0.454434,-0.041333,-0.16526,8.134174,1.25,155,0,69,0.89095,0.58,0,0,0,0,0,0,-0.36059,left_inner,0,0,auto:ai_track_mode,1,normal,0,0.265726,left,40080,14,5,2349,0,1
straight,session_20260423_145902,177,,,,,1776977983000,331912,running,straight,straight,heuristic,straight,13,0,0,0.01444,0.932425,0.932425,1662,814,19,800,814,29,0,0,0,0,0.008667,0.011333,0.001111,0.054976,0.008667,-0.218038,1.307728,0.397936,146,64,105,0.963917,0.58,0,0,0,0,0,0,0.25,right_inner,0,0,auto:ai_track_mode,1,normal,0,0.30346,right,40331,14,5,2350,0,1
curve,session_20260423_145902,178,,,,,1776977983000,332162,running,right_hard,right_hard,heuristic,right_hard,1165,0,0,0.780822,0.719372,0.719372,730,608,42,38,42,608,0,0,0,0,0.776667,-0.017333,-0.017667,0.344471,0.776667,-0.056332,-7.551775,-1.25,-60,94,42,0.740853,0.58,0,0,0,0,0,0,0.366196,right_outer,0,0,auto:ai_track_mode,1,normal,0,0.083957,right,40581,14,5,2351,0,1
curve,session_20260423_145902,179,,,,,1776977984000,332413,running,left_hard,left_hard,heuristic,left_hard,-933,0,0,-0.899273,0.97085,0.97085,1926,961,961,868,68,29,0,0,0,0,-0.622,-0.005333,-0.005889,0.098542,-0.622,-0.013777,-2.110217,-1.204244,-60,116,53,0.850431,0.58,0,0,0,0,0,0,-0.341981,left_outer,0,0,auto:ai_track_mode,1,normal,0,0.219031,left,40832,14,5,2353,0,1
curve,session_20260423_145902,180,,,,,1776977984000,332663,running,right_hard,right_hard,heuristic,right_hard,987,0,0,0.962515,0.890953,0.890953,1654,846,8,23,777,846,0,0,0,0,0.658,-0.001333,0.004333,0.051417,0.658,0.014411,1.025425,0.713639,90,60,53,0.886226,0.58,0,0,0,0,0,0,0.360526,right_outer,0,0,auto:ai_track_mode,1,normal,0,0.17039,right,41081,14,5,2354,0,1
recovery,session_20260423_145902,181,,,,,1776977984000,332913,running,recover,recover,heuristic,right_soft,144,1,21,0.140496,0.200178,0.200178,121,36,27,25,33,36,0,0,0,0,0.096,0.017333,-0.015667,0.0376,0,0,0,0,-180,180,0,0.948261,0.58,0,0,0,0,0,0,-0.25,right_outer,0,0,auto:line_lost,1,normal,1,0,left,41331,15,5,2356,0,1
recovery,session_20260423_145902,182,,,,,1776977984000,333164,running,recover,recover,heuristic,recover,177,1,46,0.127517,0.196219,0.196219,149,50,33,32,34,50,0,0,0,0,0.118,-0.062667,-0.043,0.1032,0,0,0,0,180,-180,0,0.298225,0.58,0,0,0,0,0,0,0.128816,right_outer,0,0,auto:line_lost,1,normal,0,0,right,41583,15,5,2358,0,1
curve,session_20260423_145902,183,,,,,1776977985000,333416,running,left_soft,left_soft,heuristic,left_hard,-59,0,0,-0.14899,0.841014,0.841014,1584,887,23,887,627,47,0,0,0,0,-0.039333,0.004,0.034222,0.36491,-0.039333,-0.082063,7.069429,1.25,180,0,80,0.811752,0.58,0,0,0,0,0,0,-0.315076,left_inner,0,0,auto:ai_track_mode,1,normal,0,0.239599,left,41834,15,5,2359,0,1
curve,session_20260423_145902,184,,,,,1776977985000,333665,running,right_hard,right_hard,heuristic,right_hard,1167,0,0,0.918495,0.866464,0.866464,1276,927,23,29,297,927,0,0,0,0,0.778,-0.015333,-0.011,0.258764,0.778,-0.021468,-5.809094,-1.25,-60,96,43,0.816327,0.58,0,0,0,0,0,0,0.385643,right_outer,0,0,auto:ai_track_mode,1,normal,0,0.136133,right,42084,15,5,2360,0,1
curve,session_20260423_145902,185,,,,,1776977985000,333915,running,right_hard,right_hard,heuristic,right_hard,1343,0,0,0.904287,0.806722,0.806722,1003,915,21,27,40,915,0,0,0,0,0.895333,-0.006,-0.005556,0.07743,0.895333,5.389167e-07,-1.602407,-0.350116,60,60,42,0.740659,0.58,0,0,0,0,0,0,0.364306,right_outer,0,0,auto:ai_track_mode,1,normal,0,0.125327,right,42334,15,5,2361,0,1
curve,session_20260423_145902,186,,,,,1776977985000,334165,running,right_hard,right_soft,heuristic,right_hard,21,0,0,0.029859,0.908733,0.908733,1775,868,35,826,868,46,0,0,0,0,0.014,0.002,-0.059,0.351113,0.014,0.010486,-5.237815,-1.25,0,164,73,0.728495,0.58,0,0,0,0,0,0,0.354123,right_inner,0,0,auto:ai_track_mode,1,normal,0,0.285501,right,42584,15,5,2363,0,1
curve,session_20260423_145902,187,,,,,1776977986000,334415,running,right_hard,right_hard,heuristic,right_hard,1296,0,0,0.889202,0.825345,0.825345,1065,932,25,34,74,932,0,0,0,0,0.864,-0.002,-0.001889,0.074693,0.864,0.007505,-1.753996,-0.42888,60,62,44,0.748826,0.58,0,0,0,0,0,0,0.36815,right_outer,0,0,auto:ai_track_mode,1,normal,0,0.128847,right,42834,15,5,2364,0,1
recovery,session_20260423_145902,188,,,,,1776977986000,334666,running,right_hard,right_hard,heuristic,recover,1343,0,0,0.909474,0.691128,0.691128,950,864,20,23,43,864,0,0,0,0,0.895333,0.004,0.003111,0.118039,0.895333,0,2.764319,1.25,90,-60,40,0.475677,0.58,0,0,0,0,0,0,0.338939,right_outer,0,0,auto:ai_track_mode,1,normal,0,0.112429,right,43085,15,5,2366,0,1
curve,session_20260423_153802,14,0,0,0,0,1776980288000,2636578,running,left_soft,left_soft,heuristic,left_soft,-78,0,0,-0.052632,1,1,3800,1000,1000,1000,1000,800,0,0,0,0,-0.052,0.028667,0.035778,0.440509,-0.052,-0.005831,8.866066,1.25,245,0,109,0.932389,0.58,0,0,0,0,0,0,-0.25,left_outer,0,0,auto:ai_track_mode,1,normal,1,0.926189,left,100,1,0,18260,0,1
curve,session_20260423_153802,15,0,0,0,0,1776980288000,2636829,running,straight,straight,heuristic,left_hard,0,0,0,-0.000999,0.972867,0.972867,2002,941,61,941,939,61,0,0,0,0,0,0.005333,0.003889,0.108835,0,-0.089925,2.487531,0.953513,236,60,121,0.847591,0.58,0,0,0,0,0,0,-0.265572,left_inner,0,0,auto:ai_track_mode,1,normal,0,0.330114,left,350,1,0,18261,0,1
curve,session_20260423_153802,16,0,0,0,0,1776980288000,2637079,running,left_hard,left_hard,heuristic,left_hard,-1300,0,0,-0.878968,0.789336,0.789336,1008,896,896,51,33,28,0,0,0,0,-0.866667,-0.003333,-0.001444,0.041878,-0.866667,-0.013449,-0.960276,-0.77081,60,100,57,0.775179,0.58,0,0,0,0,0,0,-0.345049,left_outer,0,0,auto:ai_track_mode,1,normal,0,0.124581,left,601,1,0,18262,0,1
recovery,session_20260423_153802,17,0,0,0,0,1776980288000,2637329,running,left_hard,left_hard,heuristic,recover,-1370,0,0,-0.914347,0.681764,0.681764,934,872,872,22,21,19,0,0,0,0,-0.913333,-0.006,-0.032889,0.293908,-0.913333,0,-5.374367,-1.25,-60,94,42,0.347133,0.58,0,0,0,0,0,0,-0.25,left_outer,0,0,auto:ai_track_mode,1,normal,0,0.102686,left,851,1,0,18264,0,1
curve,session_20260423_153802,18,0,0,0,0,1776980289000,2637579,running,left_hard,left_hard,heuristic,left_hard,-1251,0,0,-0.878092,0.849903,0.849903,1132,953,953,110,36,33,0,0,0,0,-0.834,-0.001333,0.005556,0.080715,-0.834,-0.003932,1.684533,0.412733,81,60,58,0.773284,0.58,0,0,0,0,0,0,-0.349852,left_outer,0,0,auto:ai_track_mode,1,normal,0,0.132838,left,1101,1,0,18265,0,1
recovery,session_20260423_153802,19,0,0,0,0,1776980289000,2637829,running,recover,recover,heuristic,recover,173,1,103,0.148515,0.184256,0.184256,101,29,19,24,29,29,0,0,0,0,0.115333,0.011333,-0.003,0.0072,0,0,0,0,-180,180,0,0.323578,0.58,0,0,0,0,0,0,-0.25,right_inner,0,0,auto:line_lost,1,normal,0,0,left,1351,1,0,18267,0,1
curve,session_20260423_153802,20,0,0,0,0,1776980289000,2638079,running,right_hard,right_hard,heuristic,right_hard,957,0,0,0.943522,0.953014,0.953014,1806,894,17,34,861,894,0,0,0,0,0.638,-0.011333,0.001111,0.009548,0.638,0.013091,0.172039,0.33248,94,60,71,0.816818,0.58,0,0,0,0,0,0,0.359014,right_outer,0,0,auto:ai_track_mode,1,normal,0,0.19922,right,1601,1,0,18268,0,1
straight,session_20260423_153802,21,0,0,0,0,1776980289000,2638329,running,straight,straight,heuristic,straight,-126,0,0,-0.264108,0.880058,0.880058,1329,817,23,817,458,31,0,0,0,0,-0.084,0.012,-0.011,0.106621,-0.084,0.059519,-2.005536,-0.642289,60,198,121,0.958709,0.58,0,0,0,0,0,0,-0.25,left_inner,0,0,auto:ai_track_mode,1,normal,0,0.189336,left,1851,1,0,18269,0,1
straight,session_20260423_153802,22,0,0,0,0,1776980290000,2638581,running,right_hard,right_hard,heuristic,straight,1336,0,0,0.908484,0.866033,0.866033,1049,946,21,27,55,946,0,0,0,0,0.890667,0.006,0.040333,0.275131,0.890667,0.030521,4.458283,1.25,135,-60,60,0.905493,0.58,0,0,0,0,0,0,0.25,right_outer,0,0,auto:ai_track_mode,1,normal,0,0.11726,right,2102,1,0,18270,0,1
curve,session_20260423_153802,23,0,0,0,0,1776980290000,2638830,running,left_hard,left_hard,heuristic,right_hard,-309,0,0,-0.254919,0.96865,0.96865,2236,954,449,954,791,42,0,0,0,0,-0.206,-0.159333,-0.089111,0.601733,-0.206,0.010017,-9.696652,-1.25,0,184,82,0.607049,0.58,0,0,0,0,0,0,0.344327,left_inner,0,0,auto:ai_track_mode,1,normal,0,0.484926,left,2352,1,0,18272,0,1
curve,session_20260423_153802,24,0,0,0,0,1776980290000,2639081,running,right_soft,right_soft,heuristic,right_hard,644,0,0,0.606869,0.982583,0.982583,2213,969,54,381,969,809,0,0,0,0,0.429333,-0.046,-0.022778,0.389474,0.429333,-0.028049,-8.37019,-1.25,0,168,75,0.889689,0.58,0,0,0,0,0,0,0.316587,right_inner,0,0,auto:ai_track_mode,1,normal,0,0.590133,right,2602,1,0,18273,0,1
curve,session_20260423_153802,25,0,0,0,0,1776980290000,2639332,running,right_hard,right_hard,heuristic,right_hard,1081,0,0,0.896241,0.821933,0.821933,1330,875,33,36,386,875,0,0,0,0,0.720667,-0.020667,-0.021778,0.377507,0.720667,0.000853,-8.13101,-1.25,-60,126,56,0.759207,0.58,0,0,0,0,0,0,0.345282,right_outer,0,0,auto:ai_track_mode,1,normal,0,0.13135,right,2853,2,0,18274,0,1
curve,session_20260423_153802,26,0,0,0,0,1776980291000,2639581,running,right_hard,right_hard,heuristic,right_hard,1040,0,0,0.92142,0.8976,0.8976,1578,938,23,39,578,938,0,0,0,0,0.693333,-0.016,-0.018222,0.346804,0.693333,0.000187,-7.576762,-1.25,-60,128,57,0.765809,0.58,0,0,0,0,0,0,0.350228,right_outer,0,0,auto:ai_track_mode,1,normal,0,0.153942,right,3103,2,0,18275,0,1
curve,session_20260423_153802,27,0,0,0,0,1776980291000,2639831,running,right_hard,right_hard,heuristic,right_hard,838,0,0,0.910297,0.797231,0.797231,1583,885,20,51,885,627,0,0,0,0,0.558667,0.02,0.026444,0.387943,0.558667,0.033342,8.111915,1.25,150,-60,67,0.847626,0.58,0,0,0,0,0,0,0.368062,right_inner,0,0,auto:ai_track_mode,1,normal,0,0.152755,right,3353,2,0,18276,0,1
curve,session_20260423_153802,28,0,0,0,0,1776980291000,2640081,running,left_hard,left_hard,heuristic,left_hard,-1228,0,0,-0.817035,0.6671,0.6671,634,547,547,29,31,27,0,0,0,0,-0.818667,0.014667,0.010889,0.251968,-0.818667,0.001717,5.645875,1.25,121,-60,54,0.87054,0.58,0,0,0,0,0,0,-0.369116,left_outer,0,0,auto:ai_track_mode,1,normal,0,0.074001,left,3603,2,0,18277,0,1
curve,session_20260423_153802,29,0,0,0,0,1776980291000,2640332,running,left_hard,left_hard,heuristic,left_hard,-1086,0,0,-0.923642,0.831017,0.831017,1362,879,879,431,24,28,0,0,0,0,-0.724,0.004,0.016556,0.272777,-0.724,-0.008659,5.826086,1.25,130,-60,58,0.750657,0.58,0,0,0,0,0,0,-0.349343,left_outer,0,0,auto:ai_track_mode,1,normal,0,0.134975,left,3854,2,0,18279,0,1
curve,session_20260423_153802,30,0,0,0,0,1776980292000,2640584,running,left_hard,left_hard,heuristic,left_hard,-959,0,0,-0.920958,0.837831,0.837831,1670,866,866,738,33,33,0,0,0,0,-0.639333,0.011333,0.035222,0.353717,-0.639333,-0.002632,6.729582,1.25,132,-60,59,0.671668,0.58,0,0,0,0,0,0,-0.347838,left_outer,0,0,auto:ai_track_mode,1,normal,0,0.162507,left,4105,2,0,18281,0,1
recovery,session_20260423_153802,31,0,0,0,0,1776980292000,2640833,running,recover,recover,heuristic,left_hard,141,1,13,0.102564,0.199733,0.199733,78,23,16,19,20,23,0,0,0,0,0.094,0.057333,0.111333,0.2672,0,0,0,0,-180,180,0,0.656265,0.58,0,0,0,0,0,0,-0.317299,right_outer,0,0,auto:line_lost,1,normal,0,0,left,4355,2,0,18283,0,1
curve,session_20260423_153802,32,0,0,0,0,1776980292000,2641085,running,right_soft,right_soft,heuristic,right_hard,117,0,0,0.085714,0.922633,0.922633,2345,848,251,821,848,425,0,0,0,0,0.078,-0.056,-0.04,0.433528,0.078,0.029036,-8.438198,-1.25,0,227,101,0.877494,0.58,0,0,0,0,0,0,0.25337,right_inner,0,0,auto:ai_track_mode,1,normal,1,0.795278,right,4607,3,0,18284,0,1
curve,session_20260423_153802,33,0,0,0,0,1776980292000,2641336,running,left_hard,left_hard,heuristic,left_hard,-908,0,0,-0.903925,0.891844,0.891844,1707,822,803,822,59,23,0,0,0,0,-0.605333,-0.003333,0.001333,0.008445,-0.605333,-0.087343,0.131122,-0.198127,60,87,73,0.822355,0.58,0,0,0,0,0,0,-0.362017,left_inner,0,0,auto:ai_track_mode,1,normal,0,0.181814,left,4858,3,0,18285,0,1
curve,session_20260423_153802,34,0,0,0,0,1776980293000,2641586,running,left_hard,left_hard,heuristic,left_hard,-1164,0,0,-0.895899,0.896161,0.896161,1268,940,940,262,35,31,0,0,0,0,-0.776,-0.02,-0.011889,0.307023,-0.776,-0.034333,-6.962237,-1.25,-60,123,55,0.824569,0.58,0,0,0,0,0,0,-0.370729,left_outer,0,0,auto:ai_track_mode,1,normal,0,0.137647,left,5108,3,0,18286,0,1
curve,session_20260423_153802,35,0,0,0,0,1776980293000,2641836,running,left_hard,left_hard,heuristic,left_hard,-950,0,0,-0.947338,0.904011,0.904011,1709,835,835,829,25,20,0,0,0,0,-0.633333,-0.008,0.001,0.006877,-0.633333,-0.100976,0.111919,-0.220053,60,89,73,0.819574,0.58,0,0,0,0,0,0,-0.382353,left_outer,0,0,auto:ai_track_mode,1,normal,0,0.181846,left,5358,3,0,18287,0,1
straight,session_20260423_153802,36,0,0,0,0,1776980293000,2642088,running,left_soft,left_soft,heuristic,straight,-238,0,0,-0.331072,0.8643,0.8643,1474,846,135,846,466,27,0,0,0,0,-0.158667,-0.027333,-0.022111,0.399495,-0.158667,-0.096376,-8.660719,-1.25,0,236,105,0.87088,0.58,0,0,0,0,0,0,-0.25,left_inner,0,0,auto:ai_track_mode,1,normal,0,0.180768,left,5609,3,0,18288,0,1
curve,session_20260423_153802,37,0,0,0,0,1776980293000,2642338,running,left_hard,left_hard,heuristic,left_hard,-1251,0,0,-0.835938,0.825236,0.825236,1024,900,900,40,38,46,0,0,0,0,-0.834,-0.003333,-0.000778,0.047359,-0.834,-0.011404,-1.13731,-0.836624,60,108,59,0.790198,0.58,0,0,0,0,0,0,-0.3296,left_outer,0,0,auto:ai_track_mode,1,normal,0,0.128003,left,5860,3,0,18289,0,1
curve,session_20260423_153802,38,0,0,0,0,1776980294000,2642589,running,right_hard,right_hard,heuristic,left_hard,947,0,0,0.928611,0.940717,0.940717,1793,891,25,39,838,891,0,0,0,0,0.631333,-0.006667,-0.000556,0.001883,0.631333,0.009742,-0.013739,0.251876,92,60,74,0.900285,0.58,0,0,0,0,0,0,0.25,right_outer,0,0,auto:ai_track_mode,1,normal,0,0.196874,right,6111,3,0,18291,0,1
straight,session_20260423_153802,39,0,0,0,0,1776980294000,2642839,running,straight,straight,heuristic,straight,-37,0,0,-0.073171,0.839967,0.839967,1558,811,25,811,699,23,0,0,0,0,-0.024667,-0.019333,-0.006222,0.188849,-0.024667,0.079426,-4.347899,-1.25,0,255,120,0.899911,0.58,0,0,0,0,0,0,0.25,left_inner,0,0,auto:ai_track_mode,1,normal,0,0.273617,left,6361,3,0,18292,0,1
recovery,session_20260423_153802,40,0,0,0,0,1776980294000,2643091,running,recover,recover,heuristic,left_hard,-381,1,13,-0.327273,0.216253,0.216253,110,52,52,21,9,28,0,0,0,0,-0.254,-0.07,0.005889,0.014133,0,0,0,0,-180,180,0,0.520216,0.58,0,0,0,0,0,0,-0.165215,left_outer,0,0,auto:line_lost,1,normal,0,0,left,6612,3,0,18294,0,1
curve,session_20260423_153802,41,0,0,0,0,1776980294000,2643340,running,right_hard,right_hard,heuristic,right_hard,859,0,0,0.84985,0.859178,0.859178,1665,800,17,108,800,740,0,0,0,0,0.572667,-0.010667,-0.007,0.164019,0.572667,0.043906,-3.680468,-1.25,-60,157,70,0.849028,0.58,0,0,0,0,0,0,0.372829,right_inner,0,0,auto:ai_track_mode,1,normal,0,0.173109,right,6862,3,0,18295,0,1
straight,session_20260423_153802,42,0,0,0,0,1776980295000,2643591,running,straight,straight,heuristic,straight,-10,0,0,-0.021563,0.824422,0.824422,1484,735,23,735,703,23,0,0,0,0,-0.006667,-0.001333,-0.000778,0.034867,-0.006667,0.103987,-0.825006,-0.238852,98,158,128,0.934674,0.58,0,0,0,0,0,0,-0.25,left_inner,0,0,auto:ai_track_mode,1,normal,0,0.290745,right,7113,3,0,18296,0,1
straight,session_20260423_153802,43,0,0,0,0,1776980295000,2643842,running,straight,straight,heuristic,straight,-38,0,0,-0.055215,0.991933,0.991933,1956,975,57,975,888,36,0,0,0,0,-0.025333,0.002,0.001556,0.031505,-0.025333,0.097763,0.694282,0.231011,156,98,127,0.958972,0.58,0,0,0,0,0,0,-0.25,left_inner,0,0,auto:ai_track_mode,1,normal,0,0.305395,left,7364,3,0,18297,0,1
curve,session_20260423_153802,44,0,0,0,0,1776980295000,2644093,running,right_hard,right_hard,heuristic,right_hard,964,0,0,0.935345,0.943778,0.943778,1856,949,27,33,847,949,0,0,0,0,0.642667,-0.005333,0.003111,0.007594,0.642667,0.127699,-0.003187,0.266344,98,60,78,0.838998,0.58,0,0,0,0,0,0,0.383982,right_outer,0,0,auto:ai_track_mode,1,normal,0,0.206968,right,7614,3,0,18298,0,1
straight,session_20260423_153802,45,0,0,0,0,1776980295000,2644343,running,left_hard,left_hard,heuristic,straight,-880,0,0,-0.901985,0.857297,0.857297,1612,815,718,815,54,25,0,0,0,0,-0.586667,-0.016667,-0.083333,0.530737,-0.586667,0.207685,-8.268431,-1.25,-60,175,78,0.927517,0.58,0,0,0,0,0,0,-0.25,left_inner,0,0,auto:ai_track_mode,1,normal,0,0.138144,left,7864,3,0,18299,0,1
curve,session_20260423_153802,46,0,0,0,0,1776980296000,2644592,running,left_hard,left_hard,heuristic,left_hard,-972,0,0,-0.659574,0.312942,0.312942,235,170,170,25,21,19,0,0,0,0,-0.648,0.064667,0.016,0.239613,-0.648,-0.001555,5.030326,1.25,119,-60,53,0.715186,0.58,0,0,0,0,0,0,-0.353858,left_outer,0,0,auto:ai_track_mode,1,normal,0,0.02772,left,8114,3,0,18300,0,1
straight,session_20260423_153802,47,0,0,0,0,1776980296000,2644844,running,straight,straight,heuristic,straight,-89,0,0,-0.108844,0.765764,0.765764,1470,750,65,750,642,13,0,0,0,0,-0.059333,-0.014667,-0.003444,0.123892,-0.059333,-0.011214,-2.890633,-0.927512,60,233,121,0.8537,0.58,0,0,0,0,0,0,-0.25,left_inner,0,0,auto:ai_track_mode,1,normal,0,0.247123,left,8365,3,0,18302,0,1
curve,session_20260423_153802,48,0,0,0,0,1776980296000,2645093,running,left_hard,left_soft,heuristic,left_hard,-707,0,0,-0.647416,0.919461,0.919461,1974,846,780,846,325,23,0,0,0,0,-0.471333,0.105333,0.029667,0.373968,-0.471333,-0.034841,7.569209,1.25,153,-60,68,0.767797,0.58,0,0,0,0,0,0,-0.375517,left_inner,0,0,auto:ai_track_mode,1,normal,0,0.505771,left,8615,3,0,18303,0,1
straight,session_20260423_153802,49,0,0,0,0,1776980296000,2645343,running,straight,straight,heuristic,straight,96,0,0,0.122036,0.939656,0.939656,1729,885,23,736,885,85,0,0,0,0,0.064,0,0.002111,0.0403,0.064,-0.072114,0.880832,0.322932,164,84,124,0.939947,0.58,0,0,0,0,0,0,0.25,right_inner,0,0,auto:ai_track_mode,1,normal,0,0.26123,right,8865,3,0,18304,0,1
curve,session_20260423_153802,50,0,0,0,0,1776980297000,2645593,running,right_hard,right_hard,heuristic,right_soft,927,0,0,0.91851,0.933403,0.933403,1718,827,17,53,827,821,0,0,0,0,0.618,0.023333,0.057111,0.504991,0.618,-0.002848,9.198103,1.25,150,-60,67,0.918118,0.58,0,0,0,0,0,0,0.218851,right_inner,0,0,auto:ai_track_mode,1,normal,0,0.165293,right,9115,3,0,18305,0,1
curve,session_20260423_153802,51,0,0,0,0,1776980297000,2645843,running,right_hard,right_hard,heuristic,right_hard,919,0,0,0.915553,0.950042,0.950042,1871,901,28,51,901,891,0,0,0,0,0.612667,-0.007333,-0.000556,0.057806,0.612667,0.11495,-1.41182,-0.356286,60,97,72,0.871111,0.58,0,0,0,0,0,0,0.365407,right_inner,0,0,auto:ai_track_mode,1,normal,0,0.211535,right,9365,3,0,18306,0,1
curve,session_20260423_153802,52,0,0,0,0,1776980297000,2646095,running,left_hard,left_hard,heuristic,left_hard,-937,0,0,-0.941309,0.926364,0.926364,1772,864,856,864,23,29,0,0,0,0,-0.624667,0.002,0.001333,0.011259,-0.624667,0.055725,-0.201488,-0.326288,60,95,72,0.875656,0.58,0,0,0,0,0,0,-0.368115,left_inner,0,0,auto:ai_track_mode,1,normal,0,0.193144,left,9617,3,0,18307,0,1
curve,session_20260423_153802,53,0,0,0,0,1776980297000,2646344,running,right_hard,right_hard,heuristic,left_hard,860,0,0,0.867147,0.917158,0.917158,1942,935,49,80,935,878,0,0,0,0,0.573333,0.033333,0.094556,0.595545,0.573333,-0.005199,9.215292,1.25,153,-60,68,0.735678,0.58,0,0,0,0,0,0,-0.343159,right_inner,0,0,auto:ai_track_mode,1,normal,0,0.193778,right,9866,3,0,18309,0,1
curve,session_20260423_153802,54,0,0,0,0,1776980298000,2646595,running,right_hard,right_hard,heuristic,right_hard,924,0,0,0.913435,0.930247,0.930247,1779,868,35,42,834,868,0,0,0,0,0.616,-0.002667,-0.004556,0.073798,0.616,0.071094,-1.571617,-0.419805,60,105,74,0.859411,0.58,0,0,0,0,0,0,0.365255,right_outer,0,0,auto:ai_track_mode,1,normal,0,0.193118,right,10116,3,0,18310,0,1
straight,session_20260423_153802,55,0,0,0,0,1776980298000,2646844,running,straight,straight,heuristic,straight,-11,0,0,-0.040208,0.822431,0.822431,1542,786,16,786,711,29,0,0,0,0,-0.007333,0.008667,0.002444,0.019119,-0.007333,0.067553,0.331296,0.116531,142,114,128,0.862717,0.58,0,0,0,0,0,0,-0.25,left_inner,0,0,auto:ai_track_mode,1,normal,0,0.288081,left,10366,3,0,18311,0,1
straight,session_20260423_153802,56,0,0,0,0,1776980298000,2647094,running,right_hard,right_hard,heuristic,straight,821,0,0,0.855609,0.898811,0.898811,1676,860,35,86,860,695,0,0,0,0,0.547333,0.080667,0.081111,0.577146,0.547333,0.103716,9.561996,1.25,184,0,82,0.968171,0.58,0,0,0,0,0,0,0.25,right_inner,0,0,auto:ai_track_mode,1,normal,0,0.15115,right,10616,3,0,18312,0,1
curve,session_20260423_153802,57,0,0,0,0,1776980298000,2647346,running,right_hard,right_hard,heuristic,right_hard,815,0,0,0.764642,0.898433,0.898433,1844,817,19,198,810,817,0,0,0,0,0.543333,0.029333,0.04,0.457285,0.543333,0.18398,9.03213,1.25,162,-60,72,0.863478,0.58,0,0,0,0,0,0,0.276813,right_outer,0,0,auto:ai_track_mode,1,normal,0,0.194731,right,10868,3,0,18313,0,1
curve,session_20260423_153802,58,1,1,1776980300511,131,1776980299000,2647597,running,right_hard,right_hard,heuristic,right_hard,890,0,0,0.895355,0.986708,0.986708,2045,985,48,59,985,953,0,0,0,0,0.593333,0,-0.000556,0.013342,0.593333,0.132025,-0.300204,0.126667,82,64,73,0.882557,0.58,0,0,0,0,0,0,0.357214,right_inner,0,0,auto:ai_track_mode,1,normal,0,0.243058,right,11119,4,1,18314,0,1
straight,session_20260423_153802,59,1,0,1776980300511,383,1776980299000,2647849,running,straight,straight,heuristic,straight,-1,0,0,-0.014249,0.848392,0.848392,1544,762,21,762,732,29,0,0,0,0,-0.000667,0.015333,-0.003444,0.017305,-0.000667,0.217936,0.22596,0.117094,144,114,129,0.90084,0.58,0,0,0,0,0,0,-0.25,left_inner,0,0,auto:ai_track_mode,1,normal,0,0.297331,left,11371,4,1,18315,0,1
curve,session_20260423_153802,60,1,0,1776980300511,657,1776980299000,2648101,running,left_hard,left_hard,heuristic,left_hard,-1307,0,0,-0.871756,0.622986,0.622986,655,590,590,23,23,19,0,0,0,0,-0.871333,0.005333,0.001333,0.103523,-0.871333,0.001771,2.508078,0.757777,96,60,55,0.717368,0.58,0,0,0,0,0,0,-0.356259,left_outer,0,0,auto:ai_track_mode,1,normal,0,0.077769,left,11622,4,1,18316,0,1
curve,session_20260423_153802,61,1,0,1776980300511,923,1776980299000,2648351,running,left_hard,left_hard,heuristic,left_soft,-969,0,0,-0.947879,0.832481,0.832481,1650,837,837,770,24,19,0,0,0,0,-0.646,0.022,0.000222,0.069472,-0.646,-0.02454,1.723469,0.469941,110,60,75,0.856605,0.58,0,0,0,0,0,0,-0.156792,left_outer,0,0,auto:ai_track_mode,1,normal,0,0.170961,left,11872,4,1,18318,0,1
recovery,session_20260423_153802,62,1,0,1776980300511,1157,1776980300000,2648601,running,recover,recover,heuristic,recover,86,1,86,0.086957,0.18385,0.18385,92,27,23,19,23,27,0,0,0,0,0.057333,0.002667,-0.014444,0.034667,0,0,0,0,-180,180,0,0.351302,0.58,0,0,0,0,0,0,-0.25,right_outer,0,0,auto:line_lost,1,normal,0,0,left,12123,4,1,18320,0,1
curve,session_20260423_153802,63,1,0,1776980300511,1421,1776980300000,2648850,running,right_hard,right_hard,heuristic,right_soft,79,0,0,0.122368,0.936017,0.936017,1757,906,47,724,906,80,0,0,0,0,0.052667,-0.046667,-0.076,0.573016,0.052667,0.05703,-9.765389,-1.25,0,213,95,0.858002,0.58,0,0,0,0,0,0,0.275583,right_inner,0,0,auto:ai_track_mode,1,normal,0,0.24134,right,12372,4,1,18321,0,1
straight,session_20260423_153802,64,1,0,1776980300511,1641,1776980300000,2649101,running,straight,straight,heuristic,straight,-1,0,0,-0.014563,0.890719,0.890719,1648,819,17,819,785,27,0,0,0,0,-0.000667,-0.002667,0.001,0.012337,-0.000667,0.05838,-0.248435,-0.065665,121,137,129,0.942186,0.58,0,0,0,0,0,0,-0.25,left_inner,0,0,auto:ai_track_mode,1,normal,0,0.30458,left,12623,4,1,18322,0,1
recovery,session_20260423_153802,65,1,0,1776980300511,1885,1776980300000,2649351,running,recover,recover,heuristic,recover,116,1,76,0.081761,0.204383,0.204383,159,47,35,38,39,47,0,0,0,0,0.077333,0.009333,-0.001444,0.003467,0,0,0,0,180,-180,0,0.352601,0.58,0,0,0,0,0,0,0.25,right_outer,0,0,auto:line_lost,1,normal,0,0,right,12873,4,1,18324,0,1
curve,session_20260423_153802,66,1,0,1776980300511,2165,1776980301000,2649601,running,left_soft,left_soft,heuristic,left_hard,-378,0,0,-0.255178,0.9483,0.9483,2414,881,634,881,870,29,0,0,0,0,-0.252,0.016,0.020667,0.386479,-0.252,-0.038636,8.421967,1.25,202,0,90,0.880328,0.58,0,0,0,0,0,0,-0.315166,left_inner,0,0,auto:ai_track_mode,1,normal,0,0.574371,left,13123,4,1,18325,0,1
curve,session_20260423_153802,67,1,0,1776980300511,2401,1776980301000,2649851,running,right_soft,right_soft,heuristic,right_hard,398,0,0,0.265023,0.948483,0.948483,2879,915,143,915,911,910,0,0,0,0,0.265333,-0.069333,-0.055667,0.490114,0.265333,0.005336,-8.91286,-1.25,0,180,80,0.808949,0.58,0,0,0,0,0,0,0.376162,left_inner,0,0,auto:ai_track_mode,1,normal,0,0.6412,right,13373,4,1,18326,0,1
straight,session_20260423_153802,68,1,0,1776980300511,2719,1776980301000,2650102,running,right_soft,right_soft,heuristic,straight,475,0,0,0.829949,0.687781,0.687781,788,663,10,57,663,58,0,0,0,0,0.316667,0.01,0.050889,0.401482,0.316667,0.017549,6.983729,1.25,222,0,99,0.934007,0.58,0,0,0,0,0,0,-0.25,right_inner,0,0,auto:ai_track_mode,1,normal,0,0.049777,right,13623,5,1,18328,0,1
straight,session_20260423_153802,69,1,0,1776980300511,2886,1776980301000,2650352,running,straight,straight,heuristic,straight,-5,0,0,-0.007038,0.860467,0.860467,1563,768,19,768,760,16,0,0,0,0,-0.003333,-0.02,-0.005889,0.128725,-0.003333,0.069723,-2.864792,-0.885547,60,233,124,0.918679,0.58,0,0,0,0,0,0,0.25,left_inner,0,0,auto:ai_track_mode,1,normal,0,0.299215,right,13874,5,1,18329,0,1
recovery,session_20260423_153802,70,1,0,1776980300511,3165,1776980302000,2650603,running,recover,recover,heuristic,recover,-40,1,26,0.009009,0.19095,0.19095,111,34,34,21,27,29,0,0,0,0,-0.026667,0.027333,0.035778,0.085867,0,0,0,0,-180,180,0,0.331675,0.58,0,0,0,0,0,0,-0.25,left_outer,0,0,auto:line_lost,1,normal,0,0,left,14125,5,1,18331,0,1
curve,session_20260423_153802,71,1,0,1776980300511,3389,1776980302000,2650855,running,left_hard,left_hard,heuristic,left_hard,-1267,0,0,-0.879342,0.816156,0.816156,1094,937,937,91,35,31,0,0,0,0,-0.844667,-0.012,-0.006444,0.093608,-0.844667,-0.005593,-1.953521,-1.20216,-60,127,58,0.78254,0.58,0,0,0,0,0,0,-0.347129,left_outer,0,0,auto:ai_track_mode,1,normal,0,0.128553,left,14376,5,1,18332,0,1
recovery,session_20260423_153802,72,1,0,1776980300511,3639,1776980302000,2651104,running,left_hard,left_hard,heuristic,recover,-1133,0,0,-0.894737,0.799786,0.799786,1292,919,919,305,35,33,0,0,0,0,-0.755333,0.076667,0.011778,0.13453,-0.755333,0,2.656595,0.959067,105,60,54,0.345128,0.58,0,0,0,0,0,0,-0.25,left_outer,0,0,auto:ai_track_mode,1,normal,0,0.137086,left,14626,5,1,18334,0,1
curve,session_20260423_153802,73,1,0,1776980300511,3890,1776980302000,2651355,running,left_hard,left_hard,heuristic,right_soft,-1177,0,0,-0.921807,0.820617,0.820617,1151,849,849,257,21,24,0,0,0,0,-0.784667,-0.026667,-0.023667,0.371419,-0.784667,-0.012811,-7.86548,-1.25,-60,132,59,0.899263,0.58,0,0,0,0,0,0,-0.148708,left_outer,0,0,auto:ai_track_mode,1,normal,0,0.115626,left,14877,6,1,18335,0,1
curve,session_20260423_153802,74,1,0,1776980300511,4177,1776980303000,2651605,running,right_hard,right_hard,heuristic,right_hard,977,0,0,0.94646,0.856539,0.856539,1681,861,13,32,775,861,0,0,0,0,0.651333,-0.002667,-0.000111,0.001025,0.651333,0.000444,0.018953,0.270403,90,60,71,0.801861,0.58,0,0,0,0,0,0,0.383358,right_outer,0,0,auto:ai_track_mode,1,normal,0,0.17656,right,15127,6,1,18337,0,1
curve,session_20260423_153802,75,1,0,1776980300511,4410,1776980303000,2651856,running,right_hard,right_hard,heuristic,right_hard,983,0,0,0.960836,0.895672,0.895672,1532,777,7,23,725,777,0,0,0,0,0.655333,0.008667,0.001556,0.066833,0.655333,0.065375,1.577487,0.943266,134,60,69,0.801621,0.58,0,0,0,0,0,0,0.382042,right_outer,0,0,auto:ai_track_mode,1,normal,1,0.149401,right,15378,7,1,18338,0,1
curve,session_20260423_153802,76,1,0,1776980300511,4648,1776980303000,2652107,running,right_hard,right_hard,heuristic,right_hard,916,0,0,0.908504,0.945,0.945,1858,893,35,50,880,893,0,0,0,0,0.610667,0.008,-0.000889,0.007268,0.610667,0.153066,0.12836,0.324216,97,60,74,0.852757,0.58,0,0,0,0,0,0,0.370234,right_outer,0,0,auto:ai_track_mode,1,normal,0,0.208832,right,15629,7,1,18339,0,1
curve,session_20260423_153802,77,1,0,1776980300511,4908,1776980303000,2652357,running,right_hard,right_hard,heuristic,right_hard,862,0,0,0.877996,0.942597,0.942597,1836,909,38,74,909,815,0,0,0,0,0.574667,-0.018,-0.01,0.214906,0.574667,0.065054,-4.772657,-1.25,-60,153,68,0.809671,0.58,0,0,0,0,0,0,0.389602,right_inner,0,0,auto:ai_track_mode,1,normal,0,0.202856,right,15879,7,1,18340,0,1
curve,session_20260423_153802,78,1,0,1776980300511,5147,1776980304000,2652609,running,left_hard,left_hard,heuristic,left_hard,-1189,0,0,-0.809441,0.873214,0.873214,1144,955,955,80,52,57,0,0,0,0,-0.792667,0.006667,0.000778,0.016105,-0.792667,0.037727,0.355962,-0.151895,60,72,63,0.864153,0.58,0,0,0,0,0,0,-0.369247,left_outer,0,0,auto:ai_track_mode,1,normal,0,0.138029,left,16130,7,1,18341,0,1
recovery,session_20260423_153802,79,1,0,1776980300511,5397,1776980304000,2652859,running,left_hard,left_hard,heuristic,recover,-911,0,0,-0.910148,0.916936,0.916936,1892,907,900,907,49,36,0,0,0,0,-0.607333,0.012667,0.043556,0.377019,-0.607333,-0.004193,6.812133,1.25,130,-60,58,0.330566,0.58,0,0,0,0,0,0,-0.25,left_inner,0,0,auto:ai_track_mode,1,normal,0,0.201038,left,16381,7,1,18343,0,1
curve,session_20260423_153802,80,1,0,1776980300511,5654,1776980304000,2653109,running,right_hard,right_hard,heuristic,right_hard,1175,0,0,0.883128,0.915758,0.915758,1215,925,33,38,219,925,0,0,0,0,0.783333,0.05,0.022222,0.354406,0.783333,0.009387,7.526824,1.25,121,-60,54,0.850752,0.58,0,0,0,0,0,0,0.375399,right_outer,0,0,auto:ai_track_mode,1,normal,0,0.129475,right,16631,7,1,18344,0,1
curve,session_20260423_153802,81,1,0,1776980300511,5894,1776980304000,2653359,running,right_hard,right_hard,heuristic,right_hard,834,0,0,0.84326,0.920872,0.920872,1595,802,9,116,802,668,0,0,0,0,0.556,-0.021333,0.000222,0.104691,0.556,0.071086,-2.603936,-0.904089,60,140,74,0.86452,0.58,0,0,0,0,0,0,0.356853,right_inner,0,0,auto:ai_track_mode,1,normal,0,0.163402,right,16881,7,1,18345,0,1
curve,session_20260423_153802,82,1,0,1776980300511,6142,1776980305000,2653609,running,left_hard,left_hard,heuristic,left_hard,-1185,0,0,-0.795053,0.577303,0.577303,566,474,474,34,30,28,0,0,0,0,-0.79,-0.014,0.000778,0.016167,-0.79,0.000499,-0.357517,-0.472385,60,91,62,0.734116,0.58,0,0,0,0,0,0,-0.337205,left_outer,0,0,auto:ai_track_mode,1,normal,0,0.062832,left,17131,7,1,18346,0,1
curve,session_20260423_153802,83,1,0,1776980300511,6402,1776980305000,2653861,running,straight,straight,heuristic,right_soft,122,0,0,0.122353,0.860494,0.860494,1700,827,23,723,827,127,0,0,0,0,0.081333,0.022,0.009333,0.272748,0.081333,0.024356,6.25869,1.25,255,0,114,0.854623,0.58,0,0,0,0,0,0,0.123257,right_inner,0,0,auto:ai_track_mode,1,normal,0,0.252595,right,17382,7,1,18348,0,1
straight,session_20260423_153802,84,1,0,1776980300511,6645,1776980305000,2654110,running,straight,straight,heuristic,straight,-39,0,0,-0.055138,0.857989,0.857989,1596,794,48,794,725,29,0,0,0,0,-0.026,-0.004,-0.002111,0.033491,-0.026,0.046589,-0.7106,-0.220603,99,155,127,0.919374,0.58,0,0,0,0,0,0,-0.25,left_inner,0,0,auto:ai_track_mode,1,normal,0,0.282439,left,17632,7,1,18349,0,1
straight,session_20260423_153802,85,1,0,1776980300511,6937,1776980305000,2654361,running,straight,straight,heuristic,straight,34,0,0,0.029374,0.893664,0.893664,1566,753,22,738,753,53,0,0,0,0,0.022667,-0.011333,0.001444,0.016088,0.022667,0.04192,0.315523,0.114549,142,114,128,0.952259,0.58,0,0,0,0,0,0,0.25,right_inner,0,0,auto:ai_track_mode,1,normal,0,0.289336,right,17883,7,1,18350,0,1
curve,session_20260423_153802,86,1,0,1776980300511,7145,1776980306000,2654612,running,right_hard,right_hard,heuristic,right_hard,913,0,0,0.923118,0.937122,0.937122,1873,920,35,37,920,881,0,0,0,0,0.608667,0.006667,0.007778,0.149814,0.608667,0.136339,3.278684,1.25,155,-60,69,0.842009,0.58,0,0,0,0,0,0,0.360396,right_inner,0,0,auto:ai_track_mode,1,normal,0,0.209576,right,18133,7,1,18351,0,1
curve,session_20260423_153802,87,1,0,1776980300511,7395,1776980306000,2654861,running,straight,straight,heuristic,left_soft,-173,0,0,-0.291528,0.870017,0.870017,1499,895,73,895,500,31,0,0,0,0,-0.115333,-0.041333,-0.013667,0.281404,-0.115333,0.185349,-6.21509,-1.25,0,252,112,0.872971,0.58,0,0,0,0,0,0,-0.25,left_inner,0,0,auto:ai_track_mode,1,normal,0,0.200737,left,18383,7,1,18352,0,1
curve,session_20260423_153802,88,1,0,1776980300511,7663,1776980306000,2655111,running,left_hard,left_hard,heuristic,left_hard,-1357,0,0,-0.907312,0.789286,0.789286,971,901,901,25,22,23,0,0,0,0,-0.904667,0.006667,0.001333,0.044427,-0.904667,0.001204,1.030676,0.094089,60,60,55,0.761098,0.58,0,0,0,0,0,0,-0.35844,left_outer,0,0,auto:ai_track_mode,1,normal,0,0.124614,left,18633,7,1,18353,0,1
curve,session_20260423_153802,89,1,0,1776980300511,7920,1776980306000,2655362,running,left_soft,straight,heuristic,left_hard,-46,0,0,-0.073415,0.919506,0.919506,1798,915,50,915,800,33,0,0,0,0,-0.030667,-0.010667,0.028222,0.116207,-0.030667,-0.067157,1.211838,0.482497,154,60,104,0.87072,0.58,0,0,0,0,0,0,-0.371927,left_inner,0,0,auto:ai_track_mode,1,normal,0,0.27987,left,18884,7,1,18355,0,1
straight,session_20260423_153802,90,1,0,1776980300511,8150,1776980307000,2655612,running,straight,straight,heuristic,straight,-35,0,0,-0.057235,0.931711,0.931711,1555,789,33,789,711,22,0,0,0,0,-0.023333,0.009333,-0.001667,0.007094,-0.023333,-0.067215,0.077346,0.006015,128,128,128,0.970382,0.58,0,0,0,0,0,0,-0.25,left_inner,0,0,auto:ai_track_mode,1,normal,0,0.280046,left,19134,7,1,18356,0,1
straight,session_20260423_153802,91,1,0,1776980300511,8396,1776980307000,2655862,running,straight,straight,heuristic,straight,21,0,0,0.037991,0.889875,0.889875,1553,781,21,726,781,25,0,0,0,0,0.014,0.020667,0.003111,0.109234,0.014,-0.114772,2.544179,0.777708,220,60,124,0.944439,0.58,0,0,0,0,0,0,-0.25,right_inner,0,0,auto:ai_track_mode,1,normal,0,0.28755,right,19384,7,1,18357,0,1
curve,session_20260423_153802,92,1,0,1776980300511,8653,1776980307000,2656113,running,right_hard,right_hard,heuristic,right_soft,974,0,0,0.95373,0.911883,0.911883,1729,876,15,25,813,876,0,0,0,0,0.649333,0,0.005333,0.072619,0.649333,-0.052415,1.495468,0.875356,140,60,75,0.899761,0.58,0,0,0,0,0,0,0.19291,right_outer,0,0,auto:ai_track_mode,1,normal,0,0.183621,right,19635,7,1,18358,0,1
curve,session_20260423_153802,93,1,0,1776980300511,8908,1776980307000,2656364,running,right_hard,right_hard,heuristic,right_hard,1348,0,0,0.91134,0.786517,0.786517,970,885,19,24,42,885,0,0,0,0,0.898667,0.006,0.007889,0.108452,0.898667,0.000134,2.237955,1.25,121,-60,54,0.729852,0.58,0,0,0,0,0,0,0.371914,right_outer,0,0,auto:ai_track_mode,1,normal,0,0.120048,right,19886,7,1,18359,0,1
curve,session_20260423_153802,94,1,0,1776980300511,9148,1776980308000,2656614,running,right_hard,right_hard,heuristic,right_hard,1075,0,0,0.92722,0.815645,0.815645,1374,866,25,25,458,866,0,0,0,0,0.716667,-0.004667,-0.024333,0.320146,0.716667,0.000172,-6.543641,-1.25,-60,128,57,0.733286,0.58,0,0,0,0,0,0,0.339834,right_outer,0,0,auto:ai_track_mode,1,normal,0,0.131403,right,20136,7,1,18360,0,1
curve,session_20260423_153802,95,1,0,1776980300511,9398,1776980308000,2656864,running,right_hard,right_hard,heuristic,right_soft,881,0,0,0.869091,0.870478,0.870478,1650,797,8,100,797,745,0,0,0,0,0.587333,0.014,0.062222,0.467055,0.587333,0.037059,7.943054,1.25,157,-60,70,0.854049,0.58,0,0,0,0,0,0,0.223107,right_inner,0,0,auto:ai_track_mode,1,normal,0,0.15212,right,20386,7,1,18361,0,1
curve,session_20260423_153802,96,1,0,1776980300511,9700,1776980308000,2657116,running,left_hard,left_hard,heuristic,left_hard,-960,0,0,-0.938967,0.9368,0.9368,1704,863,863,789,25,27,0,0,0,0,-0.64,0,-0.003222,0.074809,-0.64,0.010451,-1.676904,-0.989781,60,139,70,0.877143,0.58,0,0,0,0,0,0,-0.36566,left_outer,0,0,auto:ai_track_mode,1,normal,0,0.17962,left,20637,7,1,18362,0,1
curve,session_20260423_153802,97,1,0,1776980300511,9914,1776980308000,2657366,running,right_hard,right_hard,heuristic,right_hard,908,0,0,0.903131,0.918203,0.918203,1693,815,23,59,815,796,0,0,0,0,0.605333,-0.009333,0.000778,0.043737,0.605333,0.016122,-1.046767,-0.22507,60,89,73,0.839726,0.58,0,0,0,0,0,0,0.365218,right_inner,0,0,auto:ai_track_mode,1,normal,0,0.179468,right,20888,7,1,18364,0,1
straight,session_20260423_153802,98,1,0,1776980300511,10181,1776980309000,2657616,running,straight,straight,heuristic,straight,-3,0,0,-0.014371,0.85742,0.85742,1670,828,19,828,798,25,0,0,0,0,-0.002,0.008667,-0.001778,0.013303,-0.002,0.056997,0.225908,0.08252,139,119,129,0.866283,0.58,0,0,0,0,0,0,0.25,left_inner,0,0,auto:ai_track_mode,1,normal,0,0.305431,left,21138,7,1,18365,0,1
straight,session_20260423_153802,99,1,0,1776980300511,10402,1776980309000,2657867,running,straight,straight,heuristic,straight,160,0,0,0.202638,0.898472,0.898472,1668,878,27,638,878,125,0,0,0,0,0.106667,-0.011333,-0.002778,0.141027,0.106667,0.064412,-3.359011,-1.037874,0,240,118,0.919237,0.58,0,0,0,0,0,0,0.25,right_inner,0,0,auto:ai_track_mode,1,normal,0,0.222328,right,21389,7,1,18366,0,1
curve,session_20260423_153802,100,1,0,1776980300511,10657,1776980309000,2658117,running,right_hard,right_hard,heuristic,right_hard,924,0,0,0.913369,0.953342,0.953342,1870,895,21,60,894,895,0,0,0,0,0.616,0.004667,-0.001222,0.039683,0.616,0.118863,0.918752,0.668878,120,60,72,0.875711,0.58,0,0,0,0,0,0,0.365941,right_outer,0,0,auto:ai_track_mode,1,normal,0,0.211174,right,21639,7,1,18367,0,1
curve,session_20260423_153802,101,2,1,1776980311415,9,1776980309000,2658368,running,right_hard,right_hard,heuristic,right_hard,1260,0,0,0.849265,0.849431,0.849431,1088,949,40,42,57,949,0,0,0,0,0.84,-0.002,0.000333,0.020751,0.84,0.010727,0.498781,0.553375,94,60,61,0.778779,0.58,0,0,0,0,0,0,0.36521,right_outer,0,0,auto:ai_track_mode,1,normal,0,0.13288,right,21890,8,2,18368,0,1
curve,session_20260423_153802,102,2,0,1776980311415,252,1776980310000,2658618,running,right_hard,right_hard,heuristic,right_hard,905,0,0,0.911702,0.949767,0.949767,1880,919,33,50,919,878,0,0,0,0,0.603333,-0.012,-0.004222,0.117577,0.603333,0.018589,-2.686092,-0.956225,60,134,69,0.846568,0.58,0,0,0,0,0,0,0.357843,right_inner,0,0,auto:ai_track_mode,1,normal,0,0.212148,right,22140,8,2,18369,0,1
curve,session_20260423_153802,103,2,0,1776980311415,499,1776980310000,2658870,running,left_hard,left_hard,heuristic,left_hard,-876,0,0,-0.841776,0.936944,0.936944,1757,831,831,787,108,31,0,0,0,0,-0.584,-0.015333,-0.002444,0.07584,-0.584,0.005103,-1.749342,-0.999824,60,145,73,0.877714,0.58,0,0,0,0,0,0,-0.352731,left_outer,0,0,auto:ai_track_mode,1,normal,0,0.19031,left,22391,8,2,18370,0,1
curve,session_20260423_153802,104,2,0,1776980311415,754,1776980310000,2659119,running,left_hard,left_hard,heuristic,left_hard,-1332,0,0,-0.901709,0.791172,0.791172,936,848,848,42,23,23,0,0,0,0,-0.888,-0.005333,-0.005222,0.083498,-0.888,-0.000276,-1.774126,-1.133622,-60,119,56,0.762328,0.58,0,0,0,0,0,0,-0.358233,left_outer,0,0,auto:ai_track_mode,1,normal,0,0.117639,left,22641,8,2,18371,0,1
curve,session_20260423_153802,105,2,0,1776980311415,1026,1776980310000,2659371,running,right_soft,right_hard,heuristic,left_hard,746,0,0,0.690476,0.951233,0.951233,2100,897,35,290,897,878,0,0,0,0,0.497333,0.114667,0.032444,0.424807,0.497333,-0.004786,8.673517,1.25,171,-60,76,0.797767,0.58,0,0,0,0,0,0,-0.340101,right_inner,0,0,auto:ai_track_mode,1,normal,0,0.544162,right,22893,8,2,18373,0,1
curve,session_20260423_153802,106,2,0,1776980311415,1253,1776980311000,2659622,running,left_hard,left_hard,heuristic,left_hard,-938,0,0,-0.924846,0.946892,0.946892,1783,876,876,840,40,27,0,0,0,0,-0.625333,0.003333,0.001778,0.054313,-0.625333,-0.032054,1.251159,0.297558,90,60,70,0.869953,0.58,0,0,0,0,0,0,-0.369433,left_outer,0,0,auto:ai_track_mode,1,normal,0,0.194789,left,23144,9,2,18374,0,1
curve,session_20260423_153802,107,2,0,1776980311415,1574,1776980311000,2659872,running,left_hard,left_hard,heuristic,left_hard,-908,0,0,-0.906333,0.944772,0.944772,1879,900,900,891,44,44,0,0,0,0,-0.605333,-0.001333,-0.003333,0.061688,-0.605333,-0.182344,-1.342197,-0.867454,60,132,71,0.856494,0.58,0,0,0,0,0,0,-0.365286,left_outer,0,0,auto:ai_track_mode,1,normal,0,0.211734,left,23394,9,2,18375,0,1
straight,session_20260423_153802,108,2,0,1776980311415,1776,1776980311000,2660123,running,straight,right_hard,heuristic,straight,831,0,0,0.860741,0.800833,0.800833,1350,713,2,92,713,543,0,0,0,0,0.554,0.284667,0.088,0.548271,0.554,-0.201783,8.426777,1.25,189,0,84,0.901831,0.58,0,0,0,0,0,0,0.25,right_inner,0,0,auto:ai_track_mode,1,normal,0,0.09031,right,23645,9,2,18376,0,1
recovery,session_20260423_153802,109,2,0,1776980311415,2025,1776980311000,2660374,running,right_hard,right_hard,heuristic,recover,1273,0,0,0.854406,0.380125,0.380125,783,690,27,30,36,690,0,0,0,0,0.848667,0.05,0.119778,0.577617,0.848667,0,7.25375,1.25,90,-60,40,0.352597,0.58,0,0,0,0,0,0,0.25,right_outer,0,0,auto:ai_track_mode,1,normal,0,0.039279,right,23896,9,2,18378,0,1
straight,session_20260423_153802,110,2,0,1776980311415,2270,1776980312000,2660626,running,right_hard,right_hard,heuristic,straight,931,0,0,0.918346,0.939703,0.939703,1935,942,28,51,914,942,0,0,0,0,0.620667,-0.003333,0.001556,0.015102,0.620667,-0.006923,-0.284212,0.11442,91,73,82,0.934328,0.58,0,0,0,0,0,0,0.25,right_outer,0,0,auto:ai_track_mode,1,normal,0,0.222472,right,24147,9,2,18379,0,1
recovery,session_20260423_153802,111,2,0,1776980311415,2541,1776980312000,2660876,running,recover,recover,heuristic,recover,47,1,43,0.059829,0.215203,0.215203,234,63,59,51,61,63,0,0,0,0,0.031333,0.013333,-0.041333,0.0992,0,0,0,0,180,-180,0,0.341467,0.58,0,0,0,0,0,0,0.25,right_outer,0,0,auto:line_lost,1,normal,1,0,right,24398,10,2,18381,0,1
curve,session_20260423_153802,112,2,0,1776980311415,2756,1776980312000,2661127,running,left_hard,left_hard,heuristic,left_hard,-1314,0,0,-0.881002,0.780547,0.780547,958,867,867,34,27,30,0,0,0,0,-0.876,0.004,-0.008111,0.082827,-0.876,-0.001045,-1.584005,-1.050821,-60,114,56,0.744853,0.58,0,0,0,0,0,0,-0.33978,left_outer,0,0,auto:ai_track_mode,1,normal,0,0.118767,left,24648,10,2,18382,0,1
curve,session_20260423_153802,113,2,0,1776980311415,3014,1776980313000,2661376,running,left_hard,left_soft,heuristic,left_hard,-708,0,0,-0.897727,0.866075,0.866075,1232,830,339,830,44,19,0,0,0,0,-0.472,0.083333,0.025778,0.347331,-0.472,-0.085855,7.13661,1.25,157,-60,70,0.832727,0.58,0,0,0,0,0,0,-0.376886,left_inner,0,0,auto:ai_track_mode,1,normal,0,0.09395,left,24898,10,2,18383,0,1
curve,session_20260423_153802,114,2,0,1776980311415,3341,1776980313000,2661627,running,left_hard,left_hard,heuristic,left_hard,-951,0,0,-0.938498,0.866372,0.866372,1691,835,835,804,33,19,0,0,0,0,-0.634,-0.004,-0.001667,0.039616,-0.634,-0.172995,-0.890407,-0.674225,60,118,71,0.852875,0.58,0,0,0,0,0,0,-0.365124,left_outer,0,0,auto:ai_track_mode,1,normal,0,0.178247,left,25148,10,2,18384,0,1
recovery,session_20260423_153802,115,2,0,1776980311415,3543,1776980313000,2661877,running,recover,recover,heuristic,left_hard,-145,1,11,-0.090909,0.214853,0.214853,110,38,38,22,23,27,0,0,0,0,-0.096667,0.046,0.103889,0.249333,0,0,0,0,-180,180,0,0.70536,0.58,0,0,0,0,0,0,-0.348459,left_outer,0,0,auto:line_lost,1,normal,0,0,left,25398,10,2,18386,0,1
curve,session_20260423_153802,116,2,0,1776980311415,3778,1776980313000,2662126,running,left_hard,left_hard,heuristic,right_soft,-843,0,0,-0.823122,0.916125,0.916125,1877,872,839,872,137,29,0,0,0,0,-0.562,-0.040667,-0.026444,0.381656,-0.562,-0.010862,-7.954728,-1.25,-60,175,78,0.86966,0.58,0,0,0,0,0,0,-0.25,left_inner,0,0,auto:ai_track_mode,1,normal,0,0.204925,left,25648,10,2,18387,0,1
recovery,session_20260423_153802,117,2,0,1776980311415,4060,1776980314000,2662376,running,recover,recover,heuristic,recover,51,1,9,0.065421,0.270861,0.270861,107,29,27,23,28,29,0,0,0,0,0.034,0.080667,0.141667,0.34,0,0,0,0,-180,180,0,0.504881,0.58,0,0,0,0,0,0,-0.147941,right_outer,0,0,auto:line_lost,1,normal,0,0,left,25898,10,2,18389,0,1
curve,session_20260423_153802,118,2,0,1776980311415,4268,1776980314000,2662626,running,left_soft,left_soft,heuristic,left_soft,-612,0,0,-0.495896,0.932717,0.932717,2071,781,781,768,496,26,0,0,0,0,-0.408,-0.018667,-0.010556,0.26774,-0.408,-0.002099,-6.060169,-1.25,0,207,92,0.887431,0.58,0,0,0,0,0,0,-0.138376,left_outer,0,0,auto:ai_track_mode,1,normal,0,0.550381,left,26148,10,2,18390,0,1
curve,session_20260423_153802,119,2,0,1776980311415,4533,1776980314000,2662876,running,left_hard,left_hard,heuristic,left_hard,-913,0,0,-0.903727,0.936433,0.936433,1932,934,934,905,50,43,0,0,0,0,-0.608667,-0.004667,0.003778,0.036466,-0.608667,-0.028165,0.684991,0.05541,75,69,72,0.855453,0.58,0,0,0,0,0,0,-0.372096,left_outer,0,0,auto:ai_track_mode,1,normal,0,0.221063,left,26398,10,2,18391,0,1
straight,session_20260423_153802,120,2,0,1776980311415,4758,1776980314000,2663128,running,straight,straight,heuristic,straight,-88,0,0,-0.14162,0.938339,0.938339,1617,862,61,862,661,33,0,0,0,0,-0.058667,-0.016667,-0.005556,0.153039,-0.058667,-0.045491,-3.492636,-1.134821,0,255,120,0.950038,0.58,0,0,0,0,0,0,-0.25,left_inner,0,0,auto:ai_track_mode,1,normal,0,0.248511,left,26649,11,3,18392,0,1
straight,session_20260423_153802,121,2,0,1776980311415,5025,1776980315000,2663379,running,straight,straight,heuristic,straight,-21,0,0,-0.048636,0.829675,0.829675,1686,868,16,868,781,21,0,0,0,0,-0.014,-0.014667,-0.001556,0.059336,-0.014,-0.061721,-1.390056,-0.453592,69,183,126,0.900838,0.58,0,0,0,0,0,0,-0.25,left_inner,0,0,auto:ai_track_mode,1,normal,0,0.29323,left,26901,11,3,18393,0,1
curve,session_20260423_153802,122,2,0,1776980311415,5261,1776980315000,2663631,running,left_hard,left_hard,heuristic,left_hard,-1238,0,0,-0.827686,0.838389,0.838389,1033,900,900,44,41,48,0,0,0,0,-0.825333,-0.000667,-0.000556,0.004623,-0.825333,-0.021399,0.08225,-0.297297,60,79,61,0.787522,0.58,0,0,0,0,0,0,-0.33216,left_outer,0,0,auto:ai_track_mode,1,normal,0,0.128297,left,27152,11,3,18394,0,1
curve,session_20260423_153802,123,2,0,1776980311415,5510,1776980315000,2663880,running,right_hard,right_hard,heuristic,left_hard,972,0,0,0.892655,0.969453,0.969453,1770,974,42,53,701,974,0,0,0,0,0.648,0.014,0.022667,0.227641,0.648,0.001696,4.331027,1.25,148,-60,66,0.866174,0.58,0,0,0,0,0,0,0.205198,right_outer,0,0,auto:ai_track_mode,1,normal,0,0.183669,right,27402,11,3,18396,0,1
curve,session_20260423_153802,124,2,0,1776980311415,5771,1776980315000,2664130,running,right_hard,right_hard,heuristic,right_hard,1302,0,0,0.885875,0.836725,0.836725,1069,946,27,34,62,946,0,0,0,0,0.868,-0.017333,0.006222,0.056611,0.868,0.009338,-1.041936,-0.1145,60,64,58,0.835847,0.58,0,0,0,0,0,0,0.378475,right_outer,0,0,auto:ai_track_mode,1,normal,0,0.129177,right,27652,11,3,18397,0,1
curve,session_20260423_153802,125,2,0,1776980311415,6053,1776980316000,2664380,running,right_hard,right_soft,heuristic,right_hard,514,0,0,0.494658,0.911392,0.911392,1872,877,22,451,877,522,0,0,0,0,0.342667,-0.17,-0.051889,0.445743,0.342667,0.059525,-8.030237,-1.25,0,166,74,0.872538,0.58,0,0,0,0,0,0,0.378032,right_inner,0,0,auto:ai_track_mode,1,normal,0,0.464867,right,27902,11,3,18398,0,1
curve,session_20260423_153802,126,2,0,1776980311415,6276,1776980316000,2664631,running,left_hard,left_hard,heuristic,left_hard,-1080,0,0,-0.907671,0.918453,0.918453,1473,955,955,450,36,32,0,0,0,0,-0.72,-0.011333,0.009889,0.121094,-0.72,0.000378,2.434021,0.798269,113,60,63,0.771054,0.58,0,0,0,0,0,0,-0.364084,left_outer,0,0,auto:ai_track_mode,1,normal,0,0.152952,left,28153,11,3,18399,0,1
recovery,session_20260423_153802,127,2,0,1776980311415,6512,1776980316000,2664882,running,left_hard,left_hard,heuristic,recover,-969,0,0,-0.937843,0.889919,0.889919,1641,846,846,744,27,24,0,0,0,0,-0.646,-0.009333,0.035111,0.233431,-0.646,-0.002858,3.729103,1.25,135,-60,60,0.378802,0.58,0,0,0,0,0,0,-0.177537,left_outer,0,0,auto:ai_track_mode,1,normal,0,0.15753,left,28404,11,3,18401,0,1
straight,session_20260423_153802,128,2,0,1776980311415,6783,1776980316000,2665133,running,straight,straight,heuristic,straight,-85,0,0,-0.050188,0.816286,0.816286,1594,734,119,718,734,23,0,0,0,0,-0.056667,0.003333,-0.002222,0.032953,-0.056667,-0.00183,-0.690483,-0.233956,96,154,125,0.889135,0.58,0,0,0,0,0,0,-0.25,right_inner,0,0,auto:ai_track_mode,1,normal,0,0.276095,left,28655,11,3,18402,0,1
straight,session_20260423_153802,129,2,0,1776980311415,7014,1776980317000,2665385,running,straight,straight,heuristic,straight,108,0,0,0.137255,0.860847,0.860847,1632,844,19,685,844,84,0,0,0,0,0.072,0.024,0.006778,0.178778,0.072,-0.006194,4.062771,1.25,255,0,118,0.953623,0.58,0,0,0,0,0,0,0.25,right_inner,0,0,auto:ai_track_mode,1,normal,0,0.247027,right,28906,11,3,18403,0,1
curve,session_20260423_153802,130,2,0,1776980311415,7274,1776980317000,2665635,running,right_hard,right_hard,heuristic,right_hard,945,0,0,0.939825,0.953708,0.953708,1828,895,25,30,878,895,0,0,0,0,0.63,-0.000667,0.001778,0.015514,0.63,0.115764,0.281183,0.395841,99,60,71,0.847739,0.58,0,0,0,0,0,0,0.380071,right_outer,0,0,auto:ai_track_mode,1,normal,0,0.203008,right,29156,11,3,18404,0,1
straight,session_20260423_153802,131,2,0,1776980311415,7514,1776980317000,2665884,running,left_hard,left_hard,heuristic,straight,-906,0,0,-0.902721,0.872333,0.872333,1727,830,813,830,57,27,0,0,0,0,-0.604,-0.048667,-0.088111,0.576126,-0.604,0.193958,-9.116491,-1.25,-60,180,80,0.9216,0.58,0,0,0,0,0,0,-0.25,left_inner,0,0,auto:ai_track_mode,1,normal,0,0.156729,left,29406,11,3,18405,0,1
curve,session_20260423_153802,132,2,0,1776980311415,7763,1776980317000,2666134,running,left_hard,left_hard,heuristic,left_hard,-1359,0,0,-0.914286,0.768097,0.768097,910,839,839,32,21,18,0,0,0,0,-0.906,0,0.003111,0.022283,-0.906,0.001089,0.3704,-0.19699,60,68,57,0.77069,0.58,0,0,0,0,0,0,-0.371383,left_outer,0,0,auto:ai_track_mode,1,normal,0,0.115104,left,29656,11,3,18406,0,1
curve,session_20260423_153802,133,2,0,1776980311415,8015,1776980318000,2666384,running,left_hard,left_hard,heuristic,left_hard,-994,0,0,-0.943245,0.899358,0.899358,1621,871,871,704,23,23,0,0,0,0,-0.662667,-0.003333,0.000667,0.003392,-0.662667,-0.001334,0.044811,-0.24467,60,87,70,0.842601,0.58,0,0,0,0,0,0,-0.381252,left_outer,0,0,auto:ai_track_mode,1,normal,0,0.164749,left,29906,11,3,18407,0,1
curve,session_20260423_153802,134,2,0,1776980311415,8263,1776980318000,2666634,running,left_hard,left_hard,heuristic,left_hard,-989,0,0,-0.959635,0.751928,0.751928,1536,795,795,710,19,12,0,0,0,0,-0.659333,-0.012,0.001222,0.011628,-0.659333,-0.023386,-0.217363,-0.361554,60,95,70,0.806366,0.58,0,0,0,0,0,0,-0.388465,left_outer,0,0,auto:ai_track_mode,1,normal,0,0.146379,left,30156,11,3,18408,0,1
straight,session_20260423_153802,135,2,0,1776980311415,8536,1776980318000,2666885,running,straight,straight,heuristic,straight,-19,0,0,-0.044076,0.913153,0.913153,1747,890,22,890,808,27,0,0,0,0,-0.012667,-0.007333,-0.003222,0.076129,-0.012667,-0.074292,-1.7099,-0.555456,60,195,126,0.90093,0.58,0,0,0,0,0,0,0.25,left_inner,0,0,auto:ai_track_mode,1,normal,0,0.298216,left,30407,11,3,18409,0,1
straight,session_20260423_153802,136,2,0,1776980311415,8784,1776980318000,2667136,running,right_hard,right_hard,heuristic,straight,957,0,0,0.930032,0.931572,0.931572,1858,938,23,42,855,938,0,0,0,0,0.638,0.015333,0.004111,0.125343,0.638,-0.022495,2.88691,1.25,175,-60,78,0.909638,0.58,0,0,0,0,0,0,0.25,right_outer,0,0,auto:ai_track_mode,1,normal,0,0.20725,right,30658,11,3,18410,0,1
curve,session_20260423_153802,137,2,0,1776980311415,9049,1776980319000,2667388,running,right_hard,right_hard,heuristic,right_hard,988,0,0,0.953881,0.96997,0.96997,1778,929,19,22,808,929,0,0,0,0,0.658667,0.003333,-0.000444,0.005696,0.658667,0.046735,0.11574,0.319999,92,60,70,0.883807,0.58,0,0,0,0,0,0,0.37834,right_outer,0,0,auto:ai_track_mode,1,normal,0,0.193579,right,30910,11,3,18411,0,1
curve,session_20260423_153802,138,2,0,1776980311415,9326,1776980319000,2667638,running,right_hard,right_soft,heuristic,right_hard,53,0,0,0.076011,0.935667,0.935667,1855,935,34,823,935,63,0,0,0,0,0.035333,-0.002,-0.065,0.385425,0.035333,0.171628,-5.735614,-1.25,0,213,95,0.866108,0.58,0,0,0,0,0,0,0.300735,right_inner,0,0,auto:ai_track_mode,1,normal,0,0.269371,right,31160,11,3,18412,0,1
curve,session_20260423_153802,139,2,0,1776980311415,9520,1776980319000,2667889,running,left_hard,left_hard,heuristic,left_hard,-1351,0,0,-0.902762,0.770672,0.770672,905,838,838,23,21,23,0,0,0,0,-0.900667,-0.002667,-0.003444,0.049298,-0.900667,0.016034,-1.025791,-0.8076,60,101,56,0.768322,0.58,0,0,0,0,0,0,-0.351947,left_outer,0,0,auto:ai_track_mode,1,normal,0,0.115623,left,31411,11,3,18413,0,1
curve,session_20260423_153802,140,2,0,1776980311415,9770,1776980319000,2668140,running,left_soft,left_soft,heuristic,left_hard,-281,0,0,-0.277327,0.99835,0.99835,2095,992,346,992,711,46,0,0,0,0,-0.187333,-0.010667,-0.010444,0.213317,-0.187333,-0.036076,-4.706269,-1.25,0,229,102,0.833338,0.58,0,0,0,0,0,0,-0.272702,left_inner,0,0,auto:ai_track_mode,1,normal,0,0.504696,left,31662,11,3,18415,0,1
curve,session_20260423_153802,141,2,0,1776980311415,10060,1776980320000,2668390,running,straight,straight,heuristic,left_hard,23,0,0,-0.001813,0.83115,0.83115,1655,808,21,808,764,62,0,0,0,0,0.015333,0.002667,-0.001,0.016044,0.015333,-0.09145,0.341103,0.112036,142,114,128,0.8822,0.58,0,0,0,0,0,0,0.25,left_inner,0,0,auto:ai_track_mode,1,normal,0,0.305179,left,31912,11,3,18416,0,1
curve,session_20260423_153802,142,2,0,1776980311415,10271,1776980320000,2668642,running,right_hard,right_hard,heuristic,right_hard,908,0,0,0.90592,0.954533,0.954533,1892,903,38,51,903,900,0,0,0,0,0.605333,-0.006667,-0.000889,0.018975,0.605333,-0.02097,-0.421032,0.051225,76,70,73,0.880204,0.58,0,0,0,0,0,0,0.361799,right_inner,0,0,auto:ai_track_mode,1,normal,0,0.215087,right,32163,11,3,18417,0,1
curve,session_20260423_153802,143,2,0,1776980311415,10527,1776980320000,2668891,running,right_hard,right_hard,heuristic,right_hard,945,0,0,0.936384,0.925331,0.925331,1792,870,14,43,865,870,0,0,0,0,0.63,0.008667,-0.000111,0.035974,0.63,0.070672,0.892673,0.654946,115,60,70,0.882419,0.58,0,0,0,0,0,0,0.372817,right_outer,0,0,auto:ai_track_mode,1,normal,0,0.197335,right,32413,11,3,18418,0,1
curve,session_20260423_153802,144,3,1,1776980322077,114,1776980320000,2669143,running,right_hard,right_hard,heuristic,right_hard,960,0,0,0.921209,0.985792,0.985792,1853,959,33,40,821,959,0,0,0,0,0.64,-0.004,0.001,0.003616,0.64,0.159893,-0.030395,0.268737,90,60,71,0.891698,0.58,0,0,0,0,0,0,0.362987,right_outer,0,0,auto:ai_track_mode,1,normal,0,0.206847,right,32665,12,4,18419,0,1
straight,session_20260423_153802,145,3,0,1776980322077,363,1776980321000,2669395,running,left_hard,left_hard,heuristic,straight,-935,0,0,-0.892814,0.882161,0.882161,1642,832,832,722,59,29,0,0,0,0,-0.623333,-0.026,-0.049889,0.508572,-0.623333,0.179006,-9.720971,-1.25,-60,162,72,0.955167,0.58,0,0,0,0,0,0,0.25,left_outer,0,0,auto:ai_track_mode,1,normal,0,0.152984,left,32917,12,4,18420,0,1
curve,session_20260423_153802,146,3,0,1776980322077,612,1776980321000,2669645,running,left_hard,left_hard,heuristic,left_hard,-1284,0,0,-0.856192,0.686661,0.686661,751,670,670,27,27,27,0,0,0,0,-0.856,-0.001333,0.001556,0.046039,-0.856,0.001033,1.057644,0.125386,65,60,58,0.700574,0.58,0,0,0,0,0,0,-0.345301,left_outer,0,0,auto:ai_track_mode,1,normal,0,0.092045,left,33167,12,4,18421,0,1
curve,session_20260423_153802,147,3,0,1776980322077,881,1776980321000,2669896,running,left_soft,left_soft,heuristic,right_soft,-435,0,0,-0.264303,0.878908,0.878908,2115,751,669,668,751,27,0,0,0,0,-0.29,0.019333,-0.042667,0.166248,-0.29,-0.010692,-1.596206,-0.734008,60,183,106,0.899292,0.58,0,0,0,0,0,0,-0.25,right_inner,0,0,auto:ai_track_mode,1,normal,0,0.5336,left,33418,12,4,18423,0,1
curve,session_20260423_153802,148,3,0,1776980322077,1191,1776980321000,2670148,running,left_hard,left_hard,heuristic,left_hard,-913,0,0,-0.895131,0.970575,0.970575,1869,897,897,874,71,27,0,0,0,0,-0.608667,-0.002,-0.005889,0.130321,-0.608667,-0.050014,-2.904686,-1.25,-60,155,69,0.880327,0.58,0,0,0,0,0,0,-0.354437,left_outer,0,0,auto:ai_track_mode,1,normal,0,0.20932,left,33669,12,4,18424,0,1
curve,session_20260423_153802,149,3,0,1776980322077,1371,1776980322000,2670398,running,left_hard,left_hard,heuristic,left_soft,-939,0,0,-0.917872,0.951003,0.951003,1729,862,862,796,40,31,0,0,0,0,-0.626,-0.019333,-0.008222,0.21519,-0.626,-0.157727,-4.886409,-1.25,-60,159,71,0.906841,0.58,0,0,0,0,0,0,-0.228066,left_outer,0,0,auto:ai_track_mode,1,normal,0,0.182637,left,33919,12,4,18425,0,1
curve,session_20260423_153802,150,3,0,1776980322077,1640,1776980322000,2670647,running,straight,straight,heuristic,left_hard,40,0,0,0.051643,0.901156,0.901156,1704,863,8,800,863,33,0,0,0,0,0.026667,0.030667,0.009444,0.206092,0.026667,-0.232612,4.585639,1.25,243,0,108,0.798463,0.58,0,0,0,0,0,0,-0.370824,right_inner,0,0,auto:ai_track_mode,1,normal,0,0.287689,right,34169,12,4,18426,0,1
recovery,session_20260423_153802,151,3,0,1776980322077,1878,1776980322000,2670898,running,recover,recover,heuristic,recover,117,1,74,0.111111,0.203464,0.203464,162,48,38,34,42,48,0,0,0,0,0.078,0.054667,0.006333,0.0152,0,0,0,0,180,-180,0,0.338409,0.58,0,0,0,0,0,0,0.25,right_outer,0,0,auto:line_lost,1,normal,0,0,right,34420,12,4,18428,0,1
straight,session_20260423_153802,152,3,0,1776980322077,2186,1776980322000,2671149,running,straight,straight,heuristic,straight,70,0,0,0.035652,0.911217,0.911217,1711,799,26,799,770,116,0,0,0,0,0.046667,0.003333,0.003222,0.083054,0.046667,-0.00118,1.883009,0.638338,203,60,124,0.961144,0.58,0,0,0,0,0,0,0.25,left_inner,0,0,auto:ai_track_mode,1,normal,0,0.28998,right,34670,12,4,18429,0,1
recovery,session_20260423_153802,153,3,0,1776980322077,2397,1776980323000,2671398,running,recover,recover,heuristic,right_soft,246,1,11,0.15873,0.236481,0.236481,126,42,21,32,31,42,0,0,0,0,0.164,-0.031333,0.109778,0.263467,0,0,0,0,-180,180,0,0.756333,0.58,0,0,0,0,0,0,-0.25,right_outer,0,0,auto:line_lost,1,normal,1,0,left,34920,13,4,18431,0,1
recovery,session_20260423_153802,154,3,0,1776980322077,2631,1776980323000,2671648,running,recover,recover,heuristic,recover,185,1,41,0.161905,0.185281,0.185281,105,31,19,25,31,30,0,0,0,0,0.123333,0.062667,0.010111,0.024267,0,0,0,0,180,-180,0,0.305556,0.58,0,0,0,0,0,0,0.25,right_inner,0,0,auto:line_lost,1,normal,0,0,right,35170,13,4,18433,0,1
curve,session_20260423_153802,155,3,0,1776980322077,2914,1776980323000,2671900,running,left_hard,left_hard,heuristic,left_hard,-930,0,0,-0.930201,0.804669,0.804669,1490,719,719,719,26,26,0,0,0,0,-0.62,0.006,0.001444,0.113547,-0.62,-0.036894,2.752008,0.96016,133,60,68,0.811263,0.58,0,0,0,0,0,0,-0.370123,left_outer,0,0,auto:ai_track_mode,1,normal,0,0.14213,left,35421,13,4,18434,0,1
curve,session_20260423_153802,156,3,0,1776980322077,3148,1776980323000,2672150,running,right_hard,right_hard,heuristic,right_hard,1027,0,0,0.928401,0.966719,0.966719,1676,967,23,37,649,967,0,0,0,0,0.684667,0.004667,0.004667,0.114494,0.684667,0.000875,2.582347,1.25,148,-60,66,0.867383,0.58,0,0,0,0,0,0,0.383757,right_outer,0,0,auto:ai_track_mode,1,normal,0,0.172291,right,35672,13,4,18435,0,1
curve,session_20260423_153802,157,3,0,1776980322077,3368,1776980324000,2672401,running,left_soft,left_soft,heuristic,right_hard,-367,0,0,-0.289652,0.934895,0.934895,2213,885,542,885,737,49,0,0,0,0,-0.244667,-0.139333,-0.044222,0.437964,-0.244667,0.009129,-8.295757,-1.25,0,198,88,0.898056,0.58,0,0,0,0,0,0,-0.25,left_inner,0,0,auto:ai_track_mode,1,normal,0,0.522867,left,35922,13,4,18437,0,1
curve,session_20260423_153802,158,3,0,1776980322077,3626,1776980324000,2672651,running,right_hard,right_hard,heuristic,right_hard,1253,0,0,0.843318,0.719833,0.719833,868,757,35,33,43,757,0,0,0,0,0.835333,0.000667,-0.005222,0.049877,0.835333,0.007465,-0.933581,-0.078151,60,63,59,0.727863,0.58,0,0,0,0,0,0,0.346729,right_outer,0,0,auto:ai_track_mode,1,normal,0,0.103718,right,36172,13,4,18438,0,1
curve,session_20260423_153802,159,3,0,1776980322077,3867,1776980324000,2672900,running,right_soft,right_soft,heuristic,right_soft,442,0,0,0.290671,0.952333,0.952333,2594,877,43,877,861,813,0,0,0,0,0.294667,0.028,0.034111,0.4349,0.294667,0.021167,8.825837,1.25,209,0,93,0.903732,0.58,0,0,0,0,0,0,0.25,left_inner,0,0,auto:ai_track_mode,1,normal,0,0.614733,right,36422,13,4,18440,0,1
recovery,session_20260423_153802,160,3,0,1776980322077,4184,1776980324000,2673152,running,recover,recover,heuristic,right_hard,500,1,18,0.454545,0.183264,0.183264,66,28,10,8,20,28,0,0,0,0,0.333333,0.074667,-0.03,0.072,0,0,0,0,180,-180,0,0.638654,0.58,0,0,0,0,0,0,0.349299,right_outer,0,0,auto:line_lost,1,normal,0,0,right,36674,13,4,18442,0,1
curve,session_20260423_153802,161,3,0,1776980322077,4387,1776980325000,2673402,running,left_soft,left_soft,heuristic,left_soft,935,0,0,0.898578,0.863464,0.863464,1617,794,8,74,741,794,0,0,0,0,0.623333,0.022,0.041,0.469453,0.623333,0.01512,9.27632,1.25,166,-60,74,0.857312,0.58,0,0,0,0,0,0,0.25,right_outer,0,0,auto:ai_track_mode,1,normal,1,0.15213,right,36924,14,4,18443,0,1
curve,session_20260423_153802,162,3,0,1776980322077,4637,1776980325000,2673653,running,right_hard,right_hard,heuristic,right_hard,1308,0,0,0.876201,0.783489,0.783489,937,840,24,34,39,840,0,0,0,0,0.872,0.018,-0.003667,0.083024,0.872,0.000742,1.855601,1.177417,124,-60,57,0.74085,0.58,0,0,0,0,0,0,0.348814,right_outer,0,0,auto:ai_track_mode,1,normal,0,0.116819,right,37174,14,4,18444,0,1
curve,session_20260423_153802,163,3,0,1776980322077,4884,1776980325000,2673903,running,left_hard,left_hard,heuristic,left_hard,-1156,0,0,-0.890476,0.859164,0.859164,1260,927,927,264,38,31,0,0,0,0,-0.770667,0.012667,0.007556,0.154171,-0.770667,-0.000692,3.400953,1.199854,129,-60,59,0.79426,0.58,0,0,0,0,0,0,-0.344744,left_outer,0,0,auto:ai_track_mode,1,normal,0,0.137144,left,37425,14,5,18445,0,1
